date_local,summer_year,p_hat,is_top5,alarm,outcome,daily_peak_mw
2019-06-02T00:00:00Z,2019,4.0263419648824795e-5,FALSE,FALSE,quiet,95850
2019-06-03T00:00:00Z,2019,2.42604408438086e-5,FALSE,FALSE,quiet,91883
2019-06-04T00:00:00Z,2019,1.3903498217982522e-4,FALSE,FALSE,quiet,95024
2019-06-05T00:00:00Z,2019,6.905764174813296e-4,FALSE,FALSE,quiet,108431
2019-06-06T00:00:00Z,2019,0.00798317068408351,FALSE,FALSE,quiet,117110
2019-06-07T00:00:00Z,2019,0.00514341017500564,FALSE,FALSE,quiet,105093
2019-06-08T00:00:00Z,2019,9.22583523277166e-4,FALSE,FALSE,quiet,94514
2019-06-09T00:00:00Z,2019,3.655746171074929e-4,FALSE,FALSE,quiet,92133
2019-06-10T00:00:00Z,2019,0.00152223571982972,FALSE,FALSE,quiet,99760
2019-06-11T00:00:00Z,2019,0.00347588075101891,FALSE,FALSE,quiet,100761
2019-06-12T00:00:00Z,2019,6.585874056645582e-4,FALSE,FALSE,quiet,95560
2019-06-13T00:00:00Z,2019,1.2190001490465506e-4,FALSE,FALSE,quiet,90412
2019-06-14T00:00:00Z,2019,5.213996943901699e-4,FALSE,FALSE,quiet,89692
2019-06-15T00:00:00Z,2019,1.3338697650669724e-4,FALSE,FALSE,quiet,87818
2019-06-16T00:00:00Z,2019,1.3255105043200347e-4,FALSE,FALSE,quiet,98516
2019-06-17T00:00:00Z,2019,0.00137503246608953,FALSE,FALSE,quiet,112450
2019-06-18T00:00:00Z,2019,0.00422366278851898,FALSE,FALSE,quiet,113023
2019-06-19T00:00:00Z,2019,0.00159661098968147,FALSE,FALSE,quiet,115264
2019-06-20T00:00:00Z,2019,0.00253376620672141,FALSE,FALSE,quiet,112504
2019-06-21T00:00:00Z,2019,0.00134849328515308,FALSE,FALSE,quiet,103863
2019-06-22T00:00:00Z,2019,5.12741262399852e-4,FALSE,FALSE,quiet,96615
2019-06-23T00:00:00Z,2019,0.00144648285225996,FALSE,FALSE,quiet,104995
2019-06-24T00:00:00Z,2019,0.00897275148929112,FALSE,FALSE,quiet,120953
2019-06-25T00:00:00Z,2019,0.04193674796402917,FALSE,FALSE,quiet,125891
2019-06-26T00:00:00Z,2019,0.1235676407050132,FALSE,TRUE,false alarm,134783
2019-06-27T00:00:00Z,2019,0.1866105135096052,FALSE,TRUE,false alarm,136567
2019-06-28T00:00:00Z,2019,0.23178409919802023,FALSE,TRUE,false alarm,136089
2019-06-29T00:00:00Z,2019,0.04556172477232041,FALSE,FALSE,quiet,129901
2019-06-30T00:00:00Z,2019,0.01604321566863053,FALSE,FALSE,quiet,118537
2019-07-01T00:00:00Z,2019,0.05694218407729998,FALSE,FALSE,quiet,131527
2019-07-02T00:00:00Z,2019,0.17733790612594605,FALSE,TRUE,false alarm,139398
2019-07-03T00:00:00Z,2019,0.06752329448220541,FALSE,FALSE,quiet,134227
2019-07-04T00:00:00Z,2019,0.04682878524226833,FALSE,FALSE,quiet,124863
2019-07-05T00:00:00Z,2019,0.06409669561382147,FALSE,FALSE,quiet,133350
2019-07-06T00:00:00Z,2019,0.00714599134420055,FALSE,FALSE,quiet,126333
2019-07-07T00:00:00Z,2019,0.00256189272624754,FALSE,FALSE,quiet,118571
2019-07-08T00:00:00Z,2019,0.00473125476266703,FALSE,FALSE,quiet,120261
2019-07-09T00:00:00Z,2019,0.05058909509745913,FALSE,FALSE,quiet,134626
2019-07-10T00:00:00Z,2019,0.13486029211596912,TRUE,TRUE,caught peak,142589
2019-07-11T00:00:00Z,2019,0.02911185770249416,FALSE,FALSE,quiet,132303
2019-07-12T00:00:00Z,2019,0.06138603108443177,FALSE,FALSE,quiet,132355
2019-07-13T00:00:00Z,2019,0.04086301453161242,FALSE,FALSE,quiet,130683
2019-07-14T00:00:00Z,2019,0.0413209567213184,FALSE,FALSE,quiet,132503
2019-07-15T00:00:00Z,2019,0.14854999661760376,FALSE,TRUE,false alarm,139607
2019-07-16T00:00:00Z,2019,0.10447394670412584,FALSE,TRUE,false alarm,140733
2019-07-17T00:00:00Z,2019,0.2403750977230148,TRUE,TRUE,caught peak,143961
2019-07-18T00:00:00Z,2019,0.09061915228616436,FALSE,FALSE,quiet,138468
2019-07-19T00:00:00Z,2019,0.37525351060233736,TRUE,TRUE,caught peak,152315
2019-07-20T00:00:00Z,2019,0.27771740763253405,TRUE,TRUE,caught peak,150454
2019-07-21T00:00:00Z,2019,0.05698476359890121,FALSE,FALSE,quiet,140535
2019-07-22T00:00:00Z,2019,0.02795751233126537,FALSE,FALSE,quiet,130293
2019-07-23T00:00:00Z,2019,0.00277735277005311,FALSE,FALSE,quiet,108682
2019-07-24T00:00:00Z,2019,0.01140185940197392,FALSE,FALSE,quiet,117591
2019-07-25T00:00:00Z,2019,0.02903436087451608,FALSE,FALSE,quiet,123525
2019-07-26T00:00:00Z,2019,0.05047327646171361,FALSE,FALSE,quiet,127003
2019-07-27T00:00:00Z,2019,0.0209210875364334,FALSE,FALSE,quiet,126152
2019-07-28T00:00:00Z,2019,0.03164113334808002,FALSE,FALSE,quiet,133074
2019-07-29T00:00:00Z,2019,0.07039177052111042,FALSE,FALSE,quiet,140619
2019-07-30T00:00:00Z,2019,0.06013872176743209,FALSE,FALSE,quiet,138514
2019-07-31T00:00:00Z,2019,0.01598552281623998,FALSE,FALSE,quiet,128858
2019-08-01T00:00:00Z,2019,0.03092361122108362,FALSE,FALSE,quiet,130795
2019-08-02T00:00:00Z,2019,0.02163609381577824,FALSE,FALSE,quiet,127180
2019-08-03T00:00:00Z,2019,0.00934779544672904,FALSE,FALSE,quiet,124126
2019-08-04T00:00:00Z,2019,0.01646429177408555,FALSE,FALSE,quiet,126390
2019-08-05T00:00:00Z,2019,0.05391714845454152,FALSE,FALSE,quiet,133825
2019-08-06T00:00:00Z,2019,0.03886734410396728,FALSE,FALSE,quiet,131418
2019-08-07T00:00:00Z,2019,0.04185959502300235,FALSE,FALSE,quiet,129708
2019-08-08T00:00:00Z,2019,0.04515700972915721,FALSE,FALSE,quiet,133499
2019-08-09T00:00:00Z,2019,0.02166824676553108,FALSE,FALSE,quiet,125969
2019-08-10T00:00:00Z,2019,0.00227936931330977,FALSE,FALSE,quiet,110795
2019-08-11T00:00:00Z,2019,0.00216197214525125,FALSE,FALSE,quiet,111951
2019-08-12T00:00:00Z,2019,0.03523870518376466,FALSE,FALSE,quiet,129095
2019-08-13T00:00:00Z,2019,0.01013816940661691,FALSE,FALSE,quiet,123570
2019-08-14T00:00:00Z,2019,0.0115035547870465,FALSE,FALSE,quiet,129079
2019-08-15T00:00:00Z,2019,0.00790395889036147,FALSE,FALSE,quiet,125540
2019-08-16T00:00:00Z,2019,0.01473855934414235,FALSE,FALSE,quiet,128242
2019-08-17T00:00:00Z,2019,0.00451768597288776,FALSE,FALSE,quiet,123469
2019-08-18T00:00:00Z,2019,0.01461888409513706,FALSE,FALSE,quiet,130392
2019-08-19T00:00:00Z,2019,0.1406406211334845,TRUE,TRUE,caught peak,142105
2019-08-20T00:00:00Z,2019,0.07631237850017528,FALSE,FALSE,quiet,137448
2019-08-21T00:00:00Z,2019,0.10363637580210096,FALSE,TRUE,false alarm,137199
2019-08-22T00:00:00Z,2019,0.04553585680369089,FALSE,FALSE,quiet,132755
2019-08-23T00:00:00Z,2019,9.902034092934965e-4,FALSE,FALSE,quiet,103042
2019-08-24T00:00:00Z,2019,2.848119637497589e-4,FALSE,FALSE,quiet,91900
2019-08-25T00:00:00Z,2019,3.931513502230326e-4,FALSE,FALSE,quiet,93824
2019-08-26T00:00:00Z,2019,7.894811307286382e-4,FALSE,FALSE,quiet,98904
2019-08-27T00:00:00Z,2019,0.00189497999421368,FALSE,FALSE,quiet,106075
2019-08-28T00:00:00Z,2019,0.003257166002755,FALSE,FALSE,quiet,110536
2019-08-29T00:00:00Z,2019,0.0089944517606839,FALSE,FALSE,quiet,114944
2019-08-30T00:00:00Z,2019,0.00470341478967889,FALSE,FALSE,quiet,117977
2019-08-31T00:00:00Z,2019,5.363232197727013e-4,FALSE,FALSE,quiet,102879
2019-09-01T00:00:00Z,2019,2.5969842196174267e-4,FALSE,FALSE,quiet,97167
2019-09-02T00:00:00Z,2019,0.0025227097840913,FALSE,FALSE,quiet,110798
2019-09-03T00:00:00Z,2019,0.00690752811783807,FALSE,FALSE,quiet,122480
2019-09-04T00:00:00Z,2019,0.00718104479370617,FALSE,FALSE,quiet,126904
2019-09-05T00:00:00Z,2019,7.862553824898497e-4,FALSE,FALSE,quiet,105564
2019-09-06T00:00:00Z,2019,2.0225639679587987e-4,FALSE,FALSE,quiet,95624
2019-09-07T00:00:00Z,2019,2.6087278089805764e-4,FALSE,FALSE,quiet,94326
2019-09-08T00:00:00Z,2019,1.3010469400773293e-4,FALSE,FALSE,quiet,94521
2019-09-09T00:00:00Z,2019,0.00174386050839427,FALSE,FALSE,quiet,110590
2019-09-10T00:00:00Z,2019,0.01888666608848975,FALSE,FALSE,quiet,126699
2019-09-11T00:00:00Z,2019,0.09713836827861572,FALSE,FALSE,quiet,139587
2019-09-12T00:00:00Z,2019,0.04264898193898578,FALSE,FALSE,quiet,132788
2019-09-13T00:00:00Z,2019,0.00189290858254428,FALSE,FALSE,quiet,109525
2019-09-14T00:00:00Z,2019,7.995935090836284e-4,FALSE,FALSE,quiet,99431
2019-09-15T00:00:00Z,2019,0.00256989406257021,FALSE,FALSE,quiet,106420
2019-09-16T00:00:00Z,2019,0.01272698590290497,FALSE,FALSE,quiet,120489
2019-09-17T00:00:00Z,2019,0.00483507793570618,FALSE,FALSE,quiet,111768
2019-09-18T00:00:00Z,2019,0.00301682407130889,FALSE,FALSE,quiet,105710
2019-09-19T00:00:00Z,2019,0.00141648384326965,FALSE,FALSE,quiet,101764
2019-09-20T00:00:00Z,2019,0.002385040214299,FALSE,FALSE,quiet,106715
2019-09-21T00:00:00Z,2019,0.00132281533753,FALSE,FALSE,quiet,106101
2019-09-22T00:00:00Z,2019,0.00257619790216745,FALSE,FALSE,quiet,114839
2019-09-23T00:00:00Z,2019,0.01144959005540514,FALSE,FALSE,quiet,119223
2019-09-24T00:00:00Z,2019,0.00133479811456388,FALSE,FALSE,quiet,103700
2019-09-25T00:00:00Z,2019,0.00209934369750404,FALSE,FALSE,quiet,104670
2019-09-26T00:00:00Z,2019,0.00217131018575389,FALSE,FALSE,quiet,105327
2019-09-27T00:00:00Z,2019,7.251608282582534e-4,FALSE,FALSE,quiet,101223
2019-09-28T00:00:00Z,2019,2.698306597957858e-4,FALSE,FALSE,quiet,103599
2019-09-29T00:00:00Z,2019,2.5171186925315324e-4,FALSE,FALSE,quiet,101335
2019-09-30T00:00:00Z,2019,0.00136006206608264,FALSE,FALSE,quiet,109050
2020-06-02T00:00:00Z,2020,2.304277444014519e-4,FALSE,FALSE,quiet,101458
2020-06-03T00:00:00Z,2020,0.00284223330449411,FALSE,FALSE,quiet,115479
2020-06-04T00:00:00Z,2020,0.00736146836003435,FALSE,FALSE,quiet,119640
2020-06-05T00:00:00Z,2020,0.00593217815555604,FALSE,FALSE,quiet,117434
2020-06-06T00:00:00Z,2020,0.0097197254668172,FALSE,FALSE,quiet,113279
2020-06-07T00:00:00Z,2020,6.751440799924661e-4,FALSE,FALSE,quiet,97748
2020-06-08T00:00:00Z,2020,0.00974643336310232,FALSE,FALSE,quiet,111779
2020-06-09T00:00:00Z,2020,0.04487227219614636,FALSE,FALSE,quiet,127803
2020-06-10T00:00:00Z,2020,0.0471614653286305,FALSE,FALSE,quiet,131587
2020-06-11T00:00:00Z,2020,0.00500213764516792,FALSE,FALSE,quiet,111175
2020-06-12T00:00:00Z,2020,0.00489280593882279,FALSE,FALSE,quiet,109045
2020-06-13T00:00:00Z,2020,7.782916681481739e-5,FALSE,FALSE,quiet,85352
2020-06-14T00:00:00Z,2020,8.039502302122137e-5,FALSE,FALSE,quiet,81738
2020-06-15T00:00:00Z,2020,4.963007089124516e-4,FALSE,FALSE,quiet,92394
2020-06-16T00:00:00Z,2020,0.00214526708912231,FALSE,FALSE,quiet,99110
2020-06-17T00:00:00Z,2020,0.00193965740705345,FALSE,FALSE,quiet,100902
2020-06-18T00:00:00Z,2020,0.0023757406182619,FALSE,FALSE,quiet,109180
2020-06-19T00:00:00Z,2020,0.00585370204355097,FALSE,FALSE,quiet,114374
2020-06-20T00:00:00Z,2020,0.00242667782585389,FALSE,FALSE,quiet,109025
2020-06-21T00:00:00Z,2020,0.00342695542372972,FALSE,FALSE,quiet,112192
2020-06-22T00:00:00Z,2020,0.02800122727325432,FALSE,FALSE,quiet,124821
2020-06-23T00:00:00Z,2020,0.01355489549640149,FALSE,FALSE,quiet,121208
2020-06-24T00:00:00Z,2020,0.00725974735869534,FALSE,FALSE,quiet,113160
2020-06-25T00:00:00Z,2020,0.00988101481668047,FALSE,FALSE,quiet,113105
2020-06-26T00:00:00Z,2020,0.01770856490303329,FALSE,FALSE,quiet,115836
2020-06-27T00:00:00Z,2020,0.00813534262023719,FALSE,FALSE,quiet,113415
2020-06-28T00:00:00Z,2020,0.00937853765553195,FALSE,FALSE,quiet,119604
2020-06-29T00:00:00Z,2020,0.09100119426430658,FALSE,FALSE,quiet,131102
2020-06-30T00:00:00Z,2020,0.05623024740090465,FALSE,FALSE,quiet,126958
2020-07-01T00:00:00Z,2020,0.03076027045733842,FALSE,FALSE,quiet,126001
2020-07-02T00:00:00Z,2020,0.1496500361210934,FALSE,TRUE,false alarm,133037
2020-07-03T00:00:00Z,2020,0.21642695029435616,FALSE,TRUE,false alarm,134591
2020-07-04T00:00:00Z,2020,0.03067941154406108,FALSE,FALSE,quiet,125401
2020-07-05T00:00:00Z,2020,0.08486897214037861,FALSE,FALSE,quiet,131403
2020-07-06T00:00:00Z,2020,0.26063066802637197,TRUE,TRUE,caught peak,142186
2020-07-07T00:00:00Z,2020,0.15790192470245168,FALSE,TRUE,false alarm,136203
2020-07-08T00:00:00Z,2020,0.1497494986699436,FALSE,TRUE,false alarm,139446
2020-07-09T00:00:00Z,2020,0.19973761895412137,TRUE,TRUE,caught peak,144329
2020-07-10T00:00:00Z,2020,0.01864535940723901,FALSE,FALSE,quiet,127951
2020-07-11T00:00:00Z,2020,0.01481142141715479,FALSE,FALSE,quiet,122954
2020-07-12T00:00:00Z,2020,0.00707591671828818,FALSE,FALSE,quiet,117092
2020-07-13T00:00:00Z,2020,0.0359857765839639,FALSE,FALSE,quiet,128526
2020-07-14T00:00:00Z,2020,0.05027371818215641,FALSE,FALSE,quiet,131031
2020-07-15T00:00:00Z,2020,0.0806267258857965,FALSE,FALSE,quiet,133404
2020-07-16T00:00:00Z,2020,0.02902772808442594,FALSE,FALSE,quiet,128543
2020-07-17T00:00:00Z,2020,0.1039493911984356,FALSE,TRUE,false alarm,138158
2020-07-18T00:00:00Z,2020,0.08641050710563343,FALSE,FALSE,quiet,138827
2020-07-19T00:00:00Z,2020,0.0563038736053669,FALSE,FALSE,quiet,136404
2020-07-20T00:00:00Z,2020,0.22466877993145096,TRUE,TRUE,caught peak,145428
2020-07-21T00:00:00Z,2020,0.13850123788564428,FALSE,TRUE,false alarm,141567
2020-07-22T00:00:00Z,2020,0.12330448310711802,FALSE,TRUE,false alarm,137563
2020-07-23T00:00:00Z,2020,0.0501794497147064,FALSE,FALSE,quiet,134697
2020-07-24T00:00:00Z,2020,0.02364140213639449,FALSE,FALSE,quiet,128553
2020-07-25T00:00:00Z,2020,0.0381315370749898,FALSE,FALSE,quiet,133237
2020-07-26T00:00:00Z,2020,0.16434193238939707,FALSE,TRUE,false alarm,140136
2020-07-27T00:00:00Z,2020,0.270354069345616,TRUE,TRUE,caught peak,144562
2020-07-28T00:00:00Z,2020,0.17847106954062858,FALSE,TRUE,false alarm,140908
2020-07-29T00:00:00Z,2020,0.18417304122820383,TRUE,TRUE,caught peak,141853
2020-07-30T00:00:00Z,2020,0.10284445997648652,FALSE,TRUE,false alarm,134691
2020-07-31T00:00:00Z,2020,0.00809749198321385,FALSE,FALSE,quiet,120648
2020-08-01T00:00:00Z,2020,0.00574502107517722,FALSE,FALSE,quiet,117584
2020-08-02T00:00:00Z,2020,0.01179491484514831,FALSE,FALSE,quiet,121406
2020-08-03T00:00:00Z,2020,0.00665687884702919,FALSE,FALSE,quiet,98429
2020-08-04T00:00:00Z,2020,0.0011805809847606,FALSE,FALSE,quiet,108871
2020-08-05T00:00:00Z,2020,0.00772347137486119,FALSE,FALSE,quiet,116922
2020-08-06T00:00:00Z,2020,0.00413477363905631,FALSE,FALSE,quiet,115618
2020-08-07T00:00:00Z,2020,0.00424704058132301,FALSE,FALSE,quiet,118076
2020-08-08T00:00:00Z,2020,0.00286230289350736,FALSE,FALSE,quiet,118797
2020-08-09T00:00:00Z,2020,0.0087053564786242,FALSE,FALSE,quiet,130155
2020-08-10T00:00:00Z,2020,0.12091914128065064,FALSE,TRUE,false alarm,141498
2020-08-11T00:00:00Z,2020,0.07674128067903105,FALSE,FALSE,quiet,138808
2020-08-12T00:00:00Z,2020,0.08271408271472706,FALSE,FALSE,quiet,134277
2020-08-13T00:00:00Z,2020,0.02878479636709703,FALSE,FALSE,quiet,138575
2020-08-14T00:00:00Z,2020,0.05611552392081588,FALSE,FALSE,quiet,129982
2020-08-15T00:00:00Z,2020,0.00318823173554332,FALSE,FALSE,quiet,108826
2020-08-16T00:00:00Z,2020,7.474269969169413e-4,FALSE,FALSE,quiet,102161
2020-08-17T00:00:00Z,2020,0.01098232134939834,FALSE,FALSE,quiet,118751
2020-08-18T00:00:00Z,2020,0.00846999523951199,FALSE,FALSE,quiet,116459
2020-08-19T00:00:00Z,2020,0.00489322833880533,FALSE,FALSE,quiet,113906
2020-08-20T00:00:00Z,2020,0.01149832188531746,FALSE,FALSE,quiet,117732
2020-08-21T00:00:00Z,2020,0.0173487925760785,FALSE,FALSE,quiet,122430
2020-08-22T00:00:00Z,2020,0.00649662240138024,FALSE,FALSE,quiet,121327
2020-08-23T00:00:00Z,2020,0.00821662250004899,FALSE,FALSE,quiet,125473
2020-08-24T00:00:00Z,2020,0.11861987768332014,FALSE,TRUE,false alarm,141058
2020-08-25T00:00:00Z,2020,0.1753398211912481,FALSE,TRUE,false alarm,139448
2020-08-26T00:00:00Z,2020,0.08923036091929844,FALSE,FALSE,quiet,130276
2020-08-27T00:00:00Z,2020,0.3364975074228554,FALSE,TRUE,false alarm,141606
2020-08-28T00:00:00Z,2020,0.13823157060433428,FALSE,TRUE,false alarm,134061
2020-08-29T00:00:00Z,2020,0.00408028882477407,FALSE,FALSE,quiet,114858
2020-08-30T00:00:00Z,2020,0.00133688115947899,FALSE,FALSE,quiet,102548
2020-08-31T00:00:00Z,2020,0.00309328315681482,FALSE,FALSE,quiet,106332
2020-09-01T00:00:00Z,2020,0.0028636194631715,FALSE,FALSE,quiet,112332
2020-09-02T00:00:00Z,2020,0.02911885373571509,FALSE,FALSE,quiet,124957
2020-09-03T00:00:00Z,2020,0.04569948052281834,FALSE,FALSE,quiet,126563
2020-09-04T00:00:00Z,2020,0.00987122979047865,FALSE,FALSE,quiet,117663
2020-09-05T00:00:00Z,2020,7.615847744354954e-4,FALSE,FALSE,quiet,98530
2020-09-06T00:00:00Z,2020,9.832144955010285e-4,FALSE,FALSE,quiet,98275
2020-09-07T00:00:00Z,2020,0.00237120745553664,FALSE,FALSE,quiet,104078
2020-09-08T00:00:00Z,2020,0.00339984361270093,FALSE,FALSE,quiet,120566
2020-09-09T00:00:00Z,2020,0.00139574971118998,FALSE,FALSE,quiet,115985
2020-09-10T00:00:00Z,2020,0.00173249962241163,FALSE,FALSE,quiet,116640
2020-09-11T00:00:00Z,2020,3.383037069458595e-4,FALSE,FALSE,quiet,102817
2020-09-12T00:00:00Z,2020,1.070726918149928e-4,FALSE,FALSE,quiet,94340
2020-09-13T00:00:00Z,2020,3.275263101419048e-4,FALSE,FALSE,quiet,98203
2020-09-14T00:00:00Z,2020,6.277995658368462e-4,FALSE,FALSE,quiet,99070
2020-09-15T00:00:00Z,2020,1.5480272965627518e-4,FALSE,FALSE,quiet,88211
2020-09-16T00:00:00Z,2020,5.13781181285109e-4,FALSE,FALSE,quiet,91845
2020-09-17T00:00:00Z,2020,1.576399122012101e-4,FALSE,FALSE,quiet,90881
2020-09-18T00:00:00Z,2020,2.2023846950082467e-5,FALSE,FALSE,quiet,85190
2020-09-19T00:00:00Z,2020,2.174504188701883e-6,FALSE,FALSE,quiet,74883
2020-09-20T00:00:00Z,2020,4.830482065361361e-6,FALSE,FALSE,quiet,76515
2020-09-21T00:00:00Z,2020,2.548588512100509e-5,FALSE,FALSE,quiet,83518
2020-09-22T00:00:00Z,2020,6.870679864674406e-5,FALSE,FALSE,quiet,85161
2020-09-23T00:00:00Z,2020,3.655854140615138e-4,FALSE,FALSE,quiet,90512
2020-09-24T00:00:00Z,2020,1.1975894552781142e-4,FALSE,FALSE,quiet,89930
2020-09-25T00:00:00Z,2020,1.411416441292284e-4,FALSE,FALSE,quiet,90951
2020-09-26T00:00:00Z,2020,4.3380972060193706e-05,FALSE,FALSE,quiet,85919
2020-09-27T00:00:00Z,2020,8.265335890400448e-5,FALSE,FALSE,quiet,89957
2020-09-28T00:00:00Z,2020,1.173565528719158e-4,FALSE,FALSE,quiet,98995
2020-09-29T00:00:00Z,2020,2.9457009086761467e-5,FALSE,FALSE,quiet,91484
2020-09-30T00:00:00Z,2020,1.9379015864162457e-5,FALSE,FALSE,quiet,84847
2021-06-02T00:00:00Z,2021,4.77279982026974e-5,FALSE,FALSE,quiet,95226
2021-06-03T00:00:00Z,2021,1.7919381368933115e-4,FALSE,FALSE,quiet,101842
2021-06-04T00:00:00Z,2021,5.197718080403618e-4,FALSE,FALSE,quiet,111911
2021-06-05T00:00:00Z,2021,0.00483302471419456,FALSE,FALSE,quiet,121413
2021-06-06T00:00:00Z,2021,0.0673877079272706,FALSE,FALSE,quiet,126340
2021-06-07T00:00:00Z,2021,0.1063085707734644,FALSE,TRUE,false alarm,132533
2021-06-08T00:00:00Z,2021,0.06399453972696152,FALSE,FALSE,quiet,132002
2021-06-09T00:00:00Z,2021,0.04715607071545436,FALSE,FALSE,quiet,128985
2021-06-10T00:00:00Z,2021,0.01366089361544861,FALSE,FALSE,quiet,126262
2021-06-11T00:00:00Z,2021,0.00116376276432746,FALSE,FALSE,quiet,110469
2021-06-12T00:00:00Z,2021,7.02589306651081e-4,FALSE,FALSE,quiet,104688
2021-06-13T00:00:00Z,2021,0.0010873279622764,FALSE,FALSE,quiet,108416
2021-06-14T00:00:00Z,2021,0.0051178471283597,FALSE,FALSE,quiet,120566
2021-06-15T00:00:00Z,2021,0.0017500782421764,FALSE,FALSE,quiet,109300
2021-06-16T00:00:00Z,2021,8.208162178721814e-4,FALSE,FALSE,quiet,104950
2021-06-17T00:00:00Z,2021,0.00301729821336046,FALSE,FALSE,quiet,110034
2021-06-18T00:00:00Z,2021,0.00975026185873397,FALSE,FALSE,quiet,117083
2021-06-19T00:00:00Z,2021,0.00297202406135855,FALSE,FALSE,quiet,112859
2021-06-20T00:00:00Z,2021,0.00398556123483806,FALSE,FALSE,quiet,122253
2021-06-21T00:00:00Z,2021,0.0058222471071761,FALSE,FALSE,quiet,128536
2021-06-22T00:00:00Z,2021,6.279245026149303e-5,FALSE,FALSE,quiet,96219
2021-06-23T00:00:00Z,2021,3.881161891821816e-4,FALSE,FALSE,quiet,98030
2021-06-24T00:00:00Z,2021,7.983892844321904e-4,FALSE,FALSE,quiet,106819
2021-06-25T00:00:00Z,2021,0.00180152643518611,FALSE,FALSE,quiet,110835
2021-06-26T00:00:00Z,2021,0.00291560401062699,FALSE,FALSE,quiet,118438
2021-06-27T00:00:00Z,2021,0.01040158613617314,FALSE,FALSE,quiet,129149
2021-06-28T00:00:00Z,2021,0.06949710400313283,FALSE,FALSE,quiet,141879
2021-06-29T00:00:00Z,2021,0.26082869706625733,TRUE,TRUE,caught peak,147770
2021-06-30T00:00:00Z,2021,0.22255014089977715,FALSE,TRUE,false alarm,139826
2021-07-01T00:00:00Z,2021,0.00688353060333687,FALSE,FALSE,quiet,118866
2021-07-02T00:00:00Z,2021,0.0010596788358565,FALSE,FALSE,quiet,104126
2021-07-03T00:00:00Z,2021,5.149855837337194e-4,FALSE,FALSE,quiet,96023
2021-07-04T00:00:00Z,2021,0.00482235444157908,FALSE,FALSE,quiet,110336
2021-07-05T00:00:00Z,2021,0.10338476385152662,FALSE,TRUE,false alarm,131649
2021-07-06T00:00:00Z,2021,0.4232304903914473,TRUE,TRUE,caught peak,146933
2021-07-07T00:00:00Z,2021,0.2889471927528408,FALSE,TRUE,false alarm,143549
2021-07-08T00:00:00Z,2021,0.00557342031846041,FALSE,FALSE,quiet,121678
2021-07-09T00:00:00Z,2021,0.00721348333361042,FALSE,FALSE,quiet,121173
2021-07-10T00:00:00Z,2021,4.950036944108576e-4,FALSE,FALSE,quiet,107210
2021-07-11T00:00:00Z,2021,7.865796787869128e-4,FALSE,FALSE,quiet,112422
2021-07-12T00:00:00Z,2021,0.02268186644458988,FALSE,FALSE,quiet,132767
2021-07-13T00:00:00Z,2021,0.01790646176927415,FALSE,FALSE,quiet,129614
2021-07-14T00:00:00Z,2021,0.05834381920963925,FALSE,FALSE,quiet,136599
2021-07-15T00:00:00Z,2021,0.03167057937891663,FALSE,FALSE,quiet,138805
2021-07-16T00:00:00Z,2021,0.02870000919415953,FALSE,FALSE,quiet,134889
2021-07-17T00:00:00Z,2021,0.00415578407732001,FALSE,FALSE,quiet,122945
2021-07-18T00:00:00Z,2021,0.00145298464597251,FALSE,FALSE,quiet,113421
2021-07-19T00:00:00Z,2021,0.02499459393663821,FALSE,FALSE,quiet,129273
2021-07-20T00:00:00Z,2021,0.08705785011902549,FALSE,FALSE,quiet,136646
2021-07-21T00:00:00Z,2021,0.00628258891772626,FALSE,FALSE,quiet,122362
2021-07-22T00:00:00Z,2021,0.00805676907627815,FALSE,FALSE,quiet,119372
2021-07-23T00:00:00Z,2021,0.01849774960183801,FALSE,FALSE,quiet,122095
2021-07-24T00:00:00Z,2021,0.00917159176815545,FALSE,FALSE,quiet,120748
2021-07-25T00:00:00Z,2021,0.01681129180427006,FALSE,FALSE,quiet,129741
2021-07-26T00:00:00Z,2021,0.2382922916314602,FALSE,TRUE,false alarm,140395
2021-07-27T00:00:00Z,2021,0.21872278918590643,FALSE,TRUE,false alarm,141019
2021-07-28T00:00:00Z,2021,0.09673392095470518,FALSE,FALSE,quiet,137895
2021-07-29T00:00:00Z,2021,0.02096332551512795,FALSE,FALSE,quiet,130430
2021-07-30T00:00:00Z,2021,0.00550007071248379,FALSE,FALSE,quiet,122995
2021-07-31T00:00:00Z,2021,4.927409545849973e-4,FALSE,FALSE,quiet,104718
2021-08-01T00:00:00Z,2021,1.6767710808375503e-4,FALSE,FALSE,quiet,100417
2021-08-02T00:00:00Z,2021,0.00226338374139226,FALSE,FALSE,quiet,110971
2021-08-03T00:00:00Z,2021,0.0041082638356201,FALSE,FALSE,quiet,110260
2021-08-04T00:00:00Z,2021,0.00469297790074146,FALSE,FALSE,quiet,113256
2021-08-05T00:00:00Z,2021,0.01343133237122353,FALSE,FALSE,quiet,125008
2021-08-06T00:00:00Z,2021,0.0230984333419299,FALSE,FALSE,quiet,131384
2021-08-07T00:00:00Z,2021,0.00217824690992444,FALSE,FALSE,quiet,115008
2021-08-08T00:00:00Z,2021,0.00737527408149836,FALSE,FALSE,quiet,123133
2021-08-09T00:00:00Z,2021,0.02686196766988104,FALSE,FALSE,quiet,133657
2021-08-10T00:00:00Z,2021,0.12374820444902485,FALSE,TRUE,false alarm,140781
2021-08-11T00:00:00Z,2021,0.20415545580836897,FALSE,TRUE,false alarm,141569
2021-08-12T00:00:00Z,2021,0.2928850339213795,TRUE,TRUE,caught peak,148914
2021-08-13T00:00:00Z,2021,0.25801514504369377,FALSE,TRUE,false alarm,142611
2021-08-14T00:00:00Z,2021,0.0116631983543087,FALSE,FALSE,quiet,125087
2021-08-15T00:00:00Z,2021,0.00265763349292633,FALSE,FALSE,quiet,108784
2021-08-16T00:00:00Z,2021,0.00643062683964525,FALSE,FALSE,quiet,117643
2021-08-17T00:00:00Z,2021,0.01626435769653798,FALSE,FALSE,quiet,125582
2021-08-18T00:00:00Z,2021,0.04529506575947227,FALSE,FALSE,quiet,132928
2021-08-19T00:00:00Z,2021,0.10272148487759876,FALSE,TRUE,false alarm,135751
2021-08-20T00:00:00Z,2021,0.028412299957348,FALSE,FALSE,quiet,129843
2021-08-21T00:00:00Z,2021,0.00542685661222354,FALSE,FALSE,quiet,123257
2021-08-22T00:00:00Z,2021,0.00267138237151355,FALSE,FALSE,quiet,120032
2021-08-23T00:00:00Z,2021,0.10247588360824038,FALSE,TRUE,false alarm,141293
2021-08-24T00:00:00Z,2021,0.3761189074521782,TRUE,TRUE,caught peak,149590
2021-08-25T00:00:00Z,2021,0.468942918670158,FALSE,TRUE,false alarm,144720
2021-08-26T00:00:00Z,2021,0.2338905983044034,TRUE,TRUE,caught peak,146420
2021-08-27T00:00:00Z,2021,0.2649330870309175,FALSE,TRUE,false alarm,146184
2021-08-28T00:00:00Z,2021,0.01468646176235099,FALSE,FALSE,quiet,129927
2021-08-29T00:00:00Z,2021,0.00974681421965751,FALSE,FALSE,quiet,122127
2021-08-30T00:00:00Z,2021,0.09657302723600111,FALSE,FALSE,quiet,137018
2021-08-31T00:00:00Z,2021,0.02411585225194185,FALSE,FALSE,quiet,123004
2021-09-01T00:00:00Z,2021,0.00205198530501,FALSE,FALSE,quiet,112520
2021-09-02T00:00:00Z,2021,0.00187726813338988,FALSE,FALSE,quiet,105708
2021-09-03T00:00:00Z,2021,6.295267608505128e-4,FALSE,FALSE,quiet,98355
2021-09-04T00:00:00Z,2021,2.2590265031650057e-4,FALSE,FALSE,quiet,96201
2021-09-05T00:00:00Z,2021,3.161542410804341e-4,FALSE,FALSE,quiet,95431
2021-09-06T00:00:00Z,2021,0.00449517920582012,FALSE,FALSE,quiet,107357
2021-09-07T00:00:00Z,2021,0.0085538534395212,FALSE,FALSE,quiet,119085
2021-09-08T00:00:00Z,2021,0.00393907552488146,FALSE,FALSE,quiet,119471
2021-09-09T00:00:00Z,2021,2.5505107230595377e-4,FALSE,FALSE,quiet,101453
2021-09-10T00:00:00Z,2021,3.524334417516027e-4,FALSE,FALSE,quiet,99145
2021-09-11T00:00:00Z,2021,3.8818037777967057e-4,FALSE,FALSE,quiet,99047
2021-09-12T00:00:00Z,2021,0.00268496425291938,FALSE,FALSE,quiet,115131
2021-09-13T00:00:00Z,2021,0.02529071209563617,FALSE,FALSE,quiet,131744
2021-09-14T00:00:00Z,2021,0.03377773181054248,FALSE,FALSE,quiet,133078
2021-09-15T00:00:00Z,2021,0.01479142498098661,FALSE,FALSE,quiet,121780
2021-09-16T00:00:00Z,2021,0.00337573420822725,FALSE,FALSE,quiet,114311
2021-09-17T00:00:00Z,2021,0.00682430709094413,FALSE,FALSE,quiet,119368
2021-09-18T00:00:00Z,2021,0.0026051050511008,FALSE,FALSE,quiet,117818
2021-09-19T00:00:00Z,2021,0.00238983831281936,FALSE,FALSE,quiet,112149
2021-09-20T00:00:00Z,2021,0.00228891718304114,FALSE,FALSE,quiet,111064
2021-09-21T00:00:00Z,2021,8.238597976235955e-4,FALSE,FALSE,quiet,102822
2021-09-22T00:00:00Z,2021,3.0663394266141513e-4,FALSE,FALSE,quiet,103456
2021-09-23T00:00:00Z,2021,4.10539614040211e-5,FALSE,FALSE,quiet,93900
2021-09-24T00:00:00Z,2021,1.6397308233797697e-4,FALSE,FALSE,quiet,90102
2021-09-25T00:00:00Z,2021,2.1141276919182263e-5,FALSE,FALSE,quiet,81099
2021-09-26T00:00:00Z,2021,5.1913730468099754e-5,FALSE,FALSE,quiet,84116
2021-09-27T00:00:00Z,2021,0.00174107778864844,FALSE,FALSE,quiet,102463
2021-09-28T00:00:00Z,2021,2.369296456455028e-4,FALSE,FALSE,quiet,101224
2021-09-29T00:00:00Z,2021,1.083898041257112e-4,FALSE,FALSE,quiet,96245
2021-09-30T00:00:00Z,2021,6.692873620411337e-5,FALSE,FALSE,quiet,92685
2022-06-02T00:00:00Z,2022,0.00159214858192842,FALSE,FALSE,quiet,114246
2022-06-03T00:00:00Z,2022,9.798786299045634e-4,FALSE,FALSE,quiet,104950
2022-06-04T00:00:00Z,2022,1.6446176788294784e-4,FALSE,FALSE,quiet,97135
2022-06-05T00:00:00Z,2022,1.8818756664411111e-4,FALSE,FALSE,quiet,97356
2022-06-06T00:00:00Z,2022,0.00495188090350865,FALSE,FALSE,quiet,107608
2022-06-07T00:00:00Z,2022,0.00189592985407526,FALSE,FALSE,quiet,103307
2022-06-08T00:00:00Z,2022,0.00334681507767811,FALSE,FALSE,quiet,115132
2022-06-09T00:00:00Z,2022,0.00236834917404654,FALSE,FALSE,quiet,105326
2022-06-10T00:00:00Z,2022,0.0013304035758667,FALSE,FALSE,quiet,100585
2022-06-11T00:00:00Z,2022,9.337003657677216e-5,FALSE,FALSE,quiet,89948
2022-06-12T00:00:00Z,2022,2.5371876418538153e-4,FALSE,FALSE,quiet,101560
2022-06-13T00:00:00Z,2022,0.07494031294221339,FALSE,FALSE,quiet,135773
2022-06-14T00:00:00Z,2022,0.18110802737334664,FALSE,TRUE,false alarm,130652
2022-06-15T00:00:00Z,2022,0.22678270848544668,FALSE,TRUE,false alarm,139955
2022-06-16T00:00:00Z,2022,0.08411750658679747,FALSE,FALSE,quiet,131295
2022-06-17T00:00:00Z,2022,0.16250530049042938,FALSE,TRUE,false alarm,133052
2022-06-18T00:00:00Z,2022,1.8773392007291972e-4,FALSE,FALSE,quiet,96497
2022-06-19T00:00:00Z,2022,4.2163284284758113e-4,FALSE,FALSE,quiet,90349
2022-06-20T00:00:00Z,2022,0.00999733944086983,FALSE,FALSE,quiet,109334
2022-06-21T00:00:00Z,2022,0.0565591383076344,FALSE,FALSE,quiet,129047
2022-06-22T00:00:00Z,2022,0.0131086383900005,FALSE,FALSE,quiet,128126
2022-06-23T00:00:00Z,2022,0.00161899274477151,FALSE,FALSE,quiet,112593
2022-06-24T00:00:00Z,2022,0.01554344613035929,FALSE,FALSE,quiet,123771
2022-06-25T00:00:00Z,2022,0.00567705880663836,FALSE,FALSE,quiet,120632
2022-06-26T00:00:00Z,2022,0.00501945062235449,FALSE,FALSE,quiet,120724
2022-06-27T00:00:00Z,2022,0.00196919913325053,FALSE,FALSE,quiet,113950
2022-06-28T00:00:00Z,2022,0.00336101035274033,FALSE,FALSE,quiet,113613
2022-06-29T00:00:00Z,2022,0.01903358530992876,FALSE,FALSE,quiet,125988
2022-06-30T00:00:00Z,2022,0.09221807868868682,FALSE,FALSE,quiet,136940
2022-07-01T00:00:00Z,2022,0.06157730172898975,FALSE,FALSE,quiet,133451
2022-07-02T00:00:00Z,2022,0.01739816341327669,FALSE,FALSE,quiet,123857
2022-07-03T00:00:00Z,2022,0.01397699126201591,FALSE,FALSE,quiet,118939
2022-07-04T00:00:00Z,2022,0.03060349046670449,FALSE,FALSE,quiet,119155
2022-07-05T00:00:00Z,2022,0.05759535834992489,FALSE,FALSE,quiet,129623
2022-07-06T00:00:00Z,2022,0.02559317206233688,FALSE,FALSE,quiet,128557
2022-07-07T00:00:00Z,2022,0.01272737093156708,FALSE,FALSE,quiet,127566
2022-07-08T00:00:00Z,2022,0.00495081009440126,FALSE,FALSE,quiet,121227
2022-07-09T00:00:00Z,2022,2.468036454762678e-4,FALSE,FALSE,quiet,104426
2022-07-10T00:00:00Z,2022,0.00162649034030176,FALSE,FALSE,quiet,111167
2022-07-11T00:00:00Z,2022,0.01585050625820735,FALSE,FALSE,quiet,129170
2022-07-12T00:00:00Z,2022,0.0760123756846551,FALSE,FALSE,quiet,137131
2022-07-13T00:00:00Z,2022,0.04259433006051339,FALSE,FALSE,quiet,132989
2022-07-14T00:00:00Z,2022,0.02930294384217696,FALSE,FALSE,quiet,130346
2022-07-15T00:00:00Z,2022,0.01283600130256516,FALSE,FALSE,quiet,122500
2022-07-16T00:00:00Z,2022,0.00199881208644564,FALSE,FALSE,quiet,113986
2022-07-17T00:00:00Z,2022,0.00163682827875876,FALSE,FALSE,quiet,112490
2022-07-18T00:00:00Z,2022,0.0653127760155947,FALSE,FALSE,quiet,132794
2022-07-19T00:00:00Z,2022,0.17397862256105184,FALSE,TRUE,false alarm,142551
2022-07-20T00:00:00Z,2022,0.25873095753924086,TRUE,TRUE,caught peak,148528
2022-07-21T00:00:00Z,2022,0.36137688586780886,TRUE,TRUE,caught peak,146307
2022-07-22T00:00:00Z,2022,0.3991393219350125,TRUE,TRUE,caught peak,145401
2022-07-23T00:00:00Z,2022,0.0779168067763438,FALSE,FALSE,quiet,134390
2022-07-24T00:00:00Z,2022,0.13828256623167973,FALSE,TRUE,false alarm,140193
2022-07-25T00:00:00Z,2022,0.03247972985561305,FALSE,FALSE,quiet,132975
2022-07-26T00:00:00Z,2022,0.00724517175938389,FALSE,FALSE,quiet,116476
2022-07-27T00:00:00Z,2022,0.0306436357182356,FALSE,FALSE,quiet,128656
2022-07-28T00:00:00Z,2022,0.0648312324277865,FALSE,FALSE,quiet,138300
2022-07-29T00:00:00Z,2022,0.01783819271294963,FALSE,FALSE,quiet,123629
2022-07-30T00:00:00Z,2022,0.00612883068108412,FALSE,FALSE,quiet,119889
2022-07-31T00:00:00Z,2022,0.00349837192224335,FALSE,FALSE,quiet,112619
2022-08-01T00:00:00Z,2022,0.01473937774471311,FALSE,FALSE,quiet,126592
2022-08-02T00:00:00Z,2022,0.1245057961461467,FALSE,TRUE,false alarm,141463
2022-08-03T00:00:00Z,2022,0.17902877377050516,TRUE,TRUE,caught peak,143305
2022-08-04T00:00:00Z,2022,0.14605431925651105,FALSE,TRUE,false alarm,142780
2022-08-05T00:00:00Z,2022,0.07251598750615253,FALSE,FALSE,quiet,137573
2022-08-06T00:00:00Z,2022,0.03544650562875634,FALSE,FALSE,quiet,133640
2022-08-07T00:00:00Z,2022,0.02163013487677495,FALSE,FALSE,quiet,134709
2022-08-08T00:00:00Z,2022,0.11135346831944684,TRUE,TRUE,caught peak,144212
2022-08-09T00:00:00Z,2022,0.08216210953043651,FALSE,FALSE,quiet,141542
2022-08-10T00:00:00Z,2022,0.03972024950917453,FALSE,FALSE,quiet,131706
2022-08-11T00:00:00Z,2022,0.02079974315883801,FALSE,FALSE,quiet,127150
2022-08-12T00:00:00Z,2022,0.00647936080635003,FALSE,FALSE,quiet,114672
2022-08-13T00:00:00Z,2022,0.00104023536921313,FALSE,FALSE,quiet,101898
2022-08-14T00:00:00Z,2022,4.691471488383108e-4,FALSE,FALSE,quiet,98755
2022-08-15T00:00:00Z,2022,0.00238291867158652,FALSE,FALSE,quiet,109736
2022-08-16T00:00:00Z,2022,0.00445339019719252,FALSE,FALSE,quiet,113691
2022-08-17T00:00:00Z,2022,0.00414376527213921,FALSE,FALSE,quiet,113583
2022-08-18T00:00:00Z,2022,0.01057303662074136,FALSE,FALSE,quiet,121115
2022-08-19T00:00:00Z,2022,0.01888009868689123,FALSE,FALSE,quiet,127309
2022-08-20T00:00:00Z,2022,0.00231601631601913,FALSE,FALSE,quiet,118988
2022-08-21T00:00:00Z,2022,7.051540496306772e-4,FALSE,FALSE,quiet,109136
2022-08-22T00:00:00Z,2022,0.00593029988381562,FALSE,FALSE,quiet,122293
2022-08-23T00:00:00Z,2022,0.0127766518058854,FALSE,FALSE,quiet,126915
2022-08-24T00:00:00Z,2022,0.03291245706421428,FALSE,FALSE,quiet,130711
2022-08-25T00:00:00Z,2022,0.0258391218814169,FALSE,FALSE,quiet,129565
2022-08-26T00:00:00Z,2022,0.02787773384691234,FALSE,FALSE,quiet,129914
2022-08-27T00:00:00Z,2022,0.00777588570700477,FALSE,FALSE,quiet,122269
2022-08-28T00:00:00Z,2022,0.0136857024734526,FALSE,FALSE,quiet,129561
2022-08-29T00:00:00Z,2022,0.05686918363301058,FALSE,FALSE,quiet,138157
2022-08-30T00:00:00Z,2022,0.03656055180867635,FALSE,FALSE,quiet,130967
2022-08-31T00:00:00Z,2022,0.01770796055017088,FALSE,FALSE,quiet,122888
2022-09-01T00:00:00Z,2022,0.04976391205487109,FALSE,FALSE,quiet,127753
2022-09-02T00:00:00Z,2022,0.02500115950473475,FALSE,FALSE,quiet,122915
2022-09-03T00:00:00Z,2022,0.00785535218143608,FALSE,FALSE,quiet,114373
2022-09-04T00:00:00Z,2022,0.00258455376723918,FALSE,FALSE,quiet,110670
2022-09-05T00:00:00Z,2022,0.0034075508029374,FALSE,FALSE,quiet,108315
2022-09-06T00:00:00Z,2022,0.00144985991073012,FALSE,FALSE,quiet,112923
2022-09-07T00:00:00Z,2022,7.160011589313653e-4,FALSE,FALSE,quiet,107367
2022-09-08T00:00:00Z,2022,0.00321443824416015,FALSE,FALSE,quiet,111669
2022-09-09T00:00:00Z,2022,0.00509855376571218,FALSE,FALSE,quiet,115601
2022-09-10T00:00:00Z,2022,7.0859882310373e-4,FALSE,FALSE,quiet,104219
2022-09-11T00:00:00Z,2022,5.021904423764244e-5,FALSE,FALSE,quiet,97867
2022-09-12T00:00:00Z,2022,5.016023071627786e-4,FALSE,FALSE,quiet,110625
2022-09-13T00:00:00Z,2022,9.994500964208744e-4,FALSE,FALSE,quiet,106393
2022-09-14T00:00:00Z,2022,0.001070350576655,FALSE,FALSE,quiet,106596
2022-09-15T00:00:00Z,2022,8.833543528432923e-4,FALSE,FALSE,quiet,106344
2022-09-16T00:00:00Z,2022,0.00180367641562469,FALSE,FALSE,quiet,105796
2022-09-17T00:00:00Z,2022,7.170345831025387e-4,FALSE,FALSE,quiet,102606
2022-09-18T00:00:00Z,2022,0.00148778521153513,FALSE,FALSE,quiet,110775
2022-09-19T00:00:00Z,2022,0.00424695697550896,FALSE,FALSE,quiet,116558
2022-09-20T00:00:00Z,2022,0.00602076692366414,FALSE,FALSE,quiet,118157
2022-09-21T00:00:00Z,2022,0.01148142707109333,FALSE,FALSE,quiet,122567
2022-09-22T00:00:00Z,2022,1.3604354335950325e-4,FALSE,FALSE,quiet,97474
2022-09-23T00:00:00Z,2022,1.7104432306827588e-5,FALSE,FALSE,quiet,81498
2022-09-24T00:00:00Z,2022,1.3460663470859468e-5,FALSE,FALSE,quiet,78687
2022-09-25T00:00:00Z,2022,3.34492581272889e-5,FALSE,FALSE,quiet,83318
2022-09-26T00:00:00Z,2022,9.866327668467536e-5,FALSE,FALSE,quiet,88711
2022-09-27T00:00:00Z,2022,2.4054843024346668e-5,FALSE,FALSE,quiet,86416
2022-09-28T00:00:00Z,2022,1.6119464979225956e-5,FALSE,FALSE,quiet,85941
2022-09-29T00:00:00Z,2022,8.407957177678353e-6,FALSE,FALSE,quiet,84904
2022-09-30T00:00:00Z,2022,3.2331936948430087e-6,FALSE,FALSE,quiet,82807
2023-06-02T00:00:00Z,2023,0.03687895439578193,FALSE,FALSE,quiet,124205
2023-06-03T00:00:00Z,2023,9.446875665434728e-4,FALSE,FALSE,quiet,106738
2023-06-04T00:00:00Z,2023,1.1618887664784552e-4,FALSE,FALSE,quiet,93355
2023-06-05T00:00:00Z,2023,0.00114631178135862,FALSE,FALSE,quiet,100186
2023-06-06T00:00:00Z,2023,0.00577898134915768,FALSE,FALSE,quiet,99912
2023-06-07T00:00:00Z,2023,0.00138542927415236,FALSE,FALSE,quiet,95535
2023-06-08T00:00:00Z,2023,9.552871538979896e-4,FALSE,FALSE,quiet,92028
2023-06-09T00:00:00Z,2023,0.00152543778134897,FALSE,FALSE,quiet,93228
2023-06-10T00:00:00Z,2023,0.00183324796129304,FALSE,FALSE,quiet,98219
2023-06-11T00:00:00Z,2023,2.04222857339082e-4,FALSE,FALSE,quiet,96497
2023-06-12T00:00:00Z,2023,2.1247684887703972e-4,FALSE,FALSE,quiet,97290
2023-06-13T00:00:00Z,2023,2.1957545826891596e-4,FALSE,FALSE,quiet,95834
2023-06-14T00:00:00Z,2023,5.983127667407835e-4,FALSE,FALSE,quiet,95740
2023-06-15T00:00:00Z,2023,8.987163355975682e-4,FALSE,FALSE,quiet,102762
2023-06-16T00:00:00Z,2023,2.179866988796006e-4,FALSE,FALSE,quiet,92995
2023-06-17T00:00:00Z,2023,5.52291632157755e-4,FALSE,FALSE,quiet,92785
2023-06-18T00:00:00Z,2023,0.00224069956610308,FALSE,FALSE,quiet,100804
2023-06-19T00:00:00Z,2023,0.01356723702022795,FALSE,FALSE,quiet,113602
2023-06-20T00:00:00Z,2023,0.00418714592469412,FALSE,FALSE,quiet,108371
2023-06-21T00:00:00Z,2023,0.00117518590621127,FALSE,FALSE,quiet,104260
2023-06-22T00:00:00Z,2023,6.827772143643395e-4,FALSE,FALSE,quiet,96744
2023-06-23T00:00:00Z,2023,0.0014152962493233,FALSE,FALSE,quiet,101674
2023-06-24T00:00:00Z,2023,0.00431751471564649,FALSE,FALSE,quiet,109695
2023-06-25T00:00:00Z,2023,0.00472550184063671,FALSE,FALSE,quiet,112980
2023-06-26T00:00:00Z,2023,0.00491549227701089,FALSE,FALSE,quiet,116740
2023-06-27T00:00:00Z,2023,0.00137231822293006,FALSE,FALSE,quiet,106321
2023-06-28T00:00:00Z,2023,0.00589591621554927,FALSE,FALSE,quiet,112247
2023-06-29T00:00:00Z,2023,0.01843108018086201,FALSE,FALSE,quiet,120248
2023-06-30T00:00:00Z,2023,0.03579549993474427,FALSE,FALSE,quiet,123053
2023-07-01T00:00:00Z,2023,0.00454690346308384,FALSE,FALSE,quiet,111963
2023-07-02T00:00:00Z,2023,0.0022429985262115,FALSE,FALSE,quiet,115653
2023-07-03T00:00:00Z,2023,0.05361590299920435,FALSE,FALSE,quiet,124860
2023-07-04T00:00:00Z,2023,0.05537585405156609,FALSE,FALSE,quiet,124510
2023-07-05T00:00:00Z,2023,0.14584233626341567,FALSE,TRUE,false alarm,138886
2023-07-06T00:00:00Z,2023,0.05881533371721297,FALSE,FALSE,quiet,135644
2023-07-07T00:00:00Z,2023,0.02578705469190097,FALSE,FALSE,quiet,130365
2023-07-08T00:00:00Z,2023,0.00387322784405769,FALSE,FALSE,quiet,115601
2023-07-09T00:00:00Z,2023,0.00301390515887774,FALSE,FALSE,quiet,108441
2023-07-10T00:00:00Z,2023,0.03843651658268435,FALSE,FALSE,quiet,128109
2023-07-11T00:00:00Z,2023,0.07090921457062042,FALSE,FALSE,quiet,131450
2023-07-12T00:00:00Z,2023,0.0467251808536195,FALSE,FALSE,quiet,131788
2023-07-13T00:00:00Z,2023,0.07688871710398024,FALSE,FALSE,quiet,136991
2023-07-14T00:00:00Z,2023,0.07859831595141589,FALSE,FALSE,quiet,137472
2023-07-15T00:00:00Z,2023,0.01461411571747018,FALSE,FALSE,quiet,124273
2023-07-16T00:00:00Z,2023,0.003410095303348,FALSE,FALSE,quiet,117747
2023-07-17T00:00:00Z,2023,0.03504509611773638,FALSE,FALSE,quiet,131484
2023-07-18T00:00:00Z,2023,0.02669350252414872,FALSE,FALSE,quiet,129739
2023-07-19T00:00:00Z,2023,0.03064344739317773,FALSE,FALSE,quiet,127998
2023-07-20T00:00:00Z,2023,0.05501310733055053,FALSE,FALSE,quiet,134900
2023-07-21T00:00:00Z,2023,0.01539831511471902,FALSE,FALSE,quiet,124555
2023-07-22T00:00:00Z,2023,0.00469299192523444,FALSE,FALSE,quiet,113759
2023-07-23T00:00:00Z,2023,0.0081173619710194,FALSE,FALSE,quiet,120559
2023-07-24T00:00:00Z,2023,0.03584493079237808,FALSE,FALSE,quiet,132479
2023-07-25T00:00:00Z,2023,0.03287592693812326,FALSE,FALSE,quiet,130631
2023-07-26T00:00:00Z,2023,0.11855686266660614,FALSE,TRUE,false alarm,138147
2023-07-27T00:00:00Z,2023,0.344408053199411,TRUE,TRUE,caught peak,147605
2023-07-28T00:00:00Z,2023,0.4059156602391677,TRUE,TRUE,caught peak,145275
2023-07-29T00:00:00Z,2023,0.03939526512674417,FALSE,FALSE,quiet,130915
2023-07-30T00:00:00Z,2023,0.00375787892450568,FALSE,FALSE,quiet,115259
2023-07-31T00:00:00Z,2023,0.01687682678774805,FALSE,FALSE,quiet,121337
2023-08-01T00:00:00Z,2023,0.01544815200658598,FALSE,FALSE,quiet,116819
2023-08-02T00:00:00Z,2023,0.0207395078149388,FALSE,FALSE,quiet,119435
2023-08-03T00:00:00Z,2023,0.02920574481628655,FALSE,FALSE,quiet,119054
2023-08-04T00:00:00Z,2023,0.01212398627577157,FALSE,FALSE,quiet,120910
2023-08-05T00:00:00Z,2023,0.00233027524721773,FALSE,FALSE,quiet,114685
2023-08-06T00:00:00Z,2023,0.00141579813178108,FALSE,FALSE,quiet,117948
2023-08-07T00:00:00Z,2023,0.00601857843111427,FALSE,FALSE,quiet,123369
2023-08-08T00:00:00Z,2023,0.00624166007064918,FALSE,FALSE,quiet,118953
2023-08-09T00:00:00Z,2023,0.00826520877371384,FALSE,FALSE,quiet,123937
2023-08-10T00:00:00Z,2023,0.00319730472913061,FALSE,FALSE,quiet,116489
2023-08-11T00:00:00Z,2023,0.01542351921794333,FALSE,FALSE,quiet,126340
2023-08-12T00:00:00Z,2023,0.00851336511120145,FALSE,FALSE,quiet,124919
2023-08-13T00:00:00Z,2023,0.0043702788789032,FALSE,FALSE,quiet,124877
2023-08-14T00:00:00Z,2023,0.00696704308192794,FALSE,FALSE,quiet,123728
2023-08-15T00:00:00Z,2023,0.00448277275243417,FALSE,FALSE,quiet,123083
2023-08-16T00:00:00Z,2023,0.00872076523633572,FALSE,FALSE,quiet,121946
2023-08-17T00:00:00Z,2023,0.00927598403336204,FALSE,FALSE,quiet,124791
2023-08-18T00:00:00Z,2023,0.00374212180086816,FALSE,FALSE,quiet,113042
2023-08-19T00:00:00Z,2023,9.517147669729884e-4,FALSE,FALSE,quiet,105936
2023-08-20T00:00:00Z,2023,0.01015283444425526,FALSE,FALSE,quiet,125533
2023-08-21T00:00:00Z,2023,0.04911617312984916,FALSE,FALSE,quiet,138385
2023-08-22T00:00:00Z,2023,0.02099230896401944,FALSE,FALSE,quiet,126648
2023-08-23T00:00:00Z,2023,0.04313551271108614,FALSE,FALSE,quiet,125736
2023-08-24T00:00:00Z,2023,0.03510062820409852,FALSE,FALSE,quiet,127203
2023-08-25T00:00:00Z,2023,0.02872804531684259,FALSE,FALSE,quiet,129658
2023-08-26T00:00:00Z,2023,0.0058611062186724,FALSE,FALSE,quiet,122064
2023-08-27T00:00:00Z,2023,0.00250453372841327,FALSE,FALSE,quiet,113962
2023-08-28T00:00:00Z,2023,0.0052151270954349,FALSE,FALSE,quiet,113278
2023-08-29T00:00:00Z,2023,0.0073449289401412,FALSE,FALSE,quiet,117554
2023-08-30T00:00:00Z,2023,0.0030395328017815,FALSE,FALSE,quiet,112568
2023-08-31T00:00:00Z,2023,0.00222395785536875,FALSE,FALSE,quiet,105288
2023-09-01T00:00:00Z,2023,0.00399888202243757,FALSE,FALSE,quiet,108542
2023-09-02T00:00:00Z,2023,0.00326796592606895,FALSE,FALSE,quiet,112463
2023-09-03T00:00:00Z,2023,0.03880913985335899,FALSE,FALSE,quiet,128978
2023-09-04T00:00:00Z,2023,0.27171626305026125,TRUE,TRUE,caught peak,139123
2023-09-05T00:00:00Z,2023,0.4239448901412066,TRUE,TRUE,caught peak,146836
2023-09-06T00:00:00Z,2023,0.2885184290008734,TRUE,TRUE,caught peak,141874
2023-09-07T00:00:00Z,2023,0.06011669345053501,FALSE,FALSE,quiet,130859
2023-09-08T00:00:00Z,2023,0.01660777684582799,FALSE,FALSE,quiet,122441
2023-09-09T00:00:00Z,2023,0.00261280416539325,FALSE,FALSE,quiet,106933
2023-09-10T00:00:00Z,2023,0.00182215843379721,FALSE,FALSE,quiet,104209
2023-09-11T00:00:00Z,2023,0.00453676428030379,FALSE,FALSE,quiet,115832
2023-09-12T00:00:00Z,2023,0.00681873609313388,FALSE,FALSE,quiet,113478
2023-09-13T00:00:00Z,2023,0.00232249443301597,FALSE,FALSE,quiet,108366
2023-09-14T00:00:00Z,2023,0.00103703338404856,FALSE,FALSE,quiet,101598
2023-09-15T00:00:00Z,2023,5.960916697728146e-4,FALSE,FALSE,quiet,94367
2023-09-16T00:00:00Z,2023,1.0315010434608956e-4,FALSE,FALSE,quiet,88795
2023-09-17T00:00:00Z,2023,4.493666452352306e-5,FALSE,FALSE,quiet,87128
2023-09-18T00:00:00Z,2023,2.0072170137996065e-4,FALSE,FALSE,quiet,93865
2023-09-19T00:00:00Z,2023,1.0318485858667896e-4,FALSE,FALSE,quiet,93182
2023-09-20T00:00:00Z,2023,6.120893738942009e-4,FALSE,FALSE,quiet,98962
2023-09-21T00:00:00Z,2023,4.457608675606393e-4,FALSE,FALSE,quiet,99267
2023-09-22T00:00:00Z,2023,1.9531095047840624e-4,FALSE,FALSE,quiet,93709
2023-09-23T00:00:00Z,2023,7.644241674206068e-6,FALSE,FALSE,quiet,84468
2023-09-24T00:00:00Z,2023,1.4725092341756871e-5,FALSE,FALSE,quiet,86665
2023-09-25T00:00:00Z,2023,2.9047346673565348e-5,FALSE,FALSE,quiet,92208
2023-09-26T00:00:00Z,2023,1.6623206721657414e-5,FALSE,FALSE,quiet,91171
2023-09-27T00:00:00Z,2023,4.455193731766235e-5,FALSE,FALSE,quiet,89299
2023-09-28T00:00:00Z,2023,2.4451477248616898e-5,FALSE,FALSE,quiet,89358
2023-09-29T00:00:00Z,2023,4.110248728393907e-5,FALSE,FALSE,quiet,90191
2023-09-30T00:00:00Z,2023,4.331858578891583e-5,FALSE,FALSE,quiet,88643
2024-06-02T00:00:00Z,2024,3.335177378231141e-5,FALSE,FALSE,quiet,95595
2024-06-03T00:00:00Z,2024,0.00162495307784448,FALSE,FALSE,quiet,121014
2024-06-04T00:00:00Z,2024,0.00875316059592777,FALSE,FALSE,quiet,127368
2024-06-05T00:00:00Z,2024,0.00166444192624647,FALSE,FALSE,quiet,118061
2024-06-06T00:00:00Z,2024,0.01701513587958339,FALSE,FALSE,quiet,119604
2024-06-07T00:00:00Z,2024,0.0102401595699674,FALSE,FALSE,quiet,110119
2024-06-08T00:00:00Z,2024,6.708281822680642e-4,FALSE,FALSE,quiet,99412
2024-06-09T00:00:00Z,2024,7.516154693824391e-4,FALSE,FALSE,quiet,99410
2024-06-10T00:00:00Z,2024,3.51218455755783e-4,FALSE,FALSE,quiet,97816
2024-06-11T00:00:00Z,2024,5.773508912404923e-4,FALSE,FALSE,quiet,98260
2024-06-12T00:00:00Z,2024,0.0080017640401955,FALSE,FALSE,quiet,114028
2024-06-13T00:00:00Z,2024,0.04781404896676222,FALSE,FALSE,quiet,129888
2024-06-14T00:00:00Z,2024,0.03426911640964703,FALSE,FALSE,quiet,126112
2024-06-15T00:00:00Z,2024,0.00294273046871657,FALSE,FALSE,quiet,109808
2024-06-16T00:00:00Z,2024,0.01191945520864471,FALSE,FALSE,quiet,118124
2024-06-17T00:00:00Z,2024,0.23769622132069307,FALSE,TRUE,false alarm,140155
2024-06-18T00:00:00Z,2024,0.35683534864868466,FALSE,TRUE,false alarm,144045
2024-06-19T00:00:00Z,2024,0.24284718642638448,FALSE,TRUE,false alarm,143167
2024-06-20T00:00:00Z,2024,0.1787304853153715,FALSE,TRUE,false alarm,142698
2024-06-21T00:00:00Z,2024,0.5038816490714024,TRUE,TRUE,caught peak,147976
2024-06-22T00:00:00Z,2024,0.17490474094988057,FALSE,TRUE,false alarm,144179
2024-06-23T00:00:00Z,2024,0.02957520598106581,FALSE,FALSE,quiet,132172
2024-06-24T00:00:00Z,2024,0.02315076419419852,FALSE,FALSE,quiet,128011
2024-06-25T00:00:00Z,2024,0.06985529225566699,FALSE,FALSE,quiet,131214
2024-06-26T00:00:00Z,2024,0.0960112646724724,FALSE,FALSE,quiet,136466
2024-06-27T00:00:00Z,2024,0.00745963246727141,FALSE,FALSE,quiet,123604
2024-06-28T00:00:00Z,2024,0.00339953376849044,FALSE,FALSE,quiet,118973
2024-06-29T00:00:00Z,2024,0.00983036521636349,FALSE,FALSE,quiet,127754
2024-06-30T00:00:00Z,2024,0.00104172826525148,FALSE,FALSE,quiet,120942
2024-07-01T00:00:00Z,2024,7.452772352403419e-4,FALSE,FALSE,quiet,108474
2024-07-02T00:00:00Z,2024,0.00992582052136633,FALSE,FALSE,quiet,120743
2024-07-03T00:00:00Z,2024,0.0246110046792917,FALSE,FALSE,quiet,131424
2024-07-04T00:00:00Z,2024,0.01452014654411508,FALSE,FALSE,quiet,123975
2024-07-05T00:00:00Z,2024,0.04479672705137708,FALSE,FALSE,quiet,135024
2024-07-06T00:00:00Z,2024,0.01477258176586525,FALSE,FALSE,quiet,132943
2024-07-07T00:00:00Z,2024,0.02254867590664515,FALSE,FALSE,quiet,133199
2024-07-08T00:00:00Z,2024,0.15416562399155856,FALSE,TRUE,false alarm,146962
2024-07-09T00:00:00Z,2024,0.14089755559391648,FALSE,TRUE,false alarm,144683
2024-07-10T00:00:00Z,2024,0.06976969805253135,FALSE,FALSE,quiet,139869
2024-07-11T00:00:00Z,2024,0.03327866868974596,FALSE,FALSE,quiet,133411
2024-07-12T00:00:00Z,2024,0.01553324538732875,FALSE,FALSE,quiet,127791
2024-07-13T00:00:00Z,2024,0.04319496447410676,FALSE,FALSE,quiet,138025
2024-07-14T00:00:00Z,2024,0.07474674955621499,FALSE,FALSE,quiet,134102
2024-07-15T00:00:00Z,2024,0.4798303236814508,TRUE,TRUE,caught peak,152137
2024-07-16T00:00:00Z,2024,0.4663566640814145,TRUE,TRUE,caught peak,153121
2024-07-17T00:00:00Z,2024,0.11712724989989524,FALSE,TRUE,false alarm,142905
2024-07-18T00:00:00Z,2024,0.01164288553102421,FALSE,FALSE,quiet,122717
2024-07-19T00:00:00Z,2024,0.01527361239616034,FALSE,FALSE,quiet,123292
2024-07-20T00:00:00Z,2024,0.00372998062354484,FALSE,FALSE,quiet,113156
2024-07-21T00:00:00Z,2024,0.01494350237533036,FALSE,FALSE,quiet,124735
2024-07-22T00:00:00Z,2024,0.01030281839290803,FALSE,FALSE,quiet,122580
2024-07-23T00:00:00Z,2024,0.04315682464236944,FALSE,FALSE,quiet,133305
2024-07-24T00:00:00Z,2024,0.00785451280340989,FALSE,FALSE,quiet,127246
2024-07-25T00:00:00Z,2024,0.00618625354676303,FALSE,FALSE,quiet,124516
2024-07-26T00:00:00Z,2024,0.0053483747044174,FALSE,FALSE,quiet,120974
2024-07-27T00:00:00Z,2024,0.00601179555803407,FALSE,FALSE,quiet,121594
2024-07-28T00:00:00Z,2024,0.01021032952190536,FALSE,FALSE,quiet,125551
2024-07-29T00:00:00Z,2024,0.02627259016303683,FALSE,FALSE,quiet,135514
2024-07-30T00:00:00Z,2024,0.04045267371055425,FALSE,FALSE,quiet,137950
2024-07-31T00:00:00Z,2024,0.17787562691967318,FALSE,TRUE,false alarm,145303
2024-08-01T00:00:00Z,2024,0.304717000713179,TRUE,TRUE,caught peak,149274
2024-08-02T00:00:00Z,2024,0.1711492204413447,FALSE,TRUE,false alarm,143077
2024-08-03T00:00:00Z,2024,0.03590963464613472,FALSE,FALSE,quiet,132533
2024-08-04T00:00:00Z,2024,0.01843250351631201,FALSE,FALSE,quiet,129482
2024-08-05T00:00:00Z,2024,0.2856060633962269,FALSE,TRUE,false alarm,146612
2024-08-06T00:00:00Z,2024,0.03696721281099913,FALSE,FALSE,quiet,140608
2024-08-07T00:00:00Z,2024,0.00368208017559383,FALSE,FALSE,quiet,120993
2024-08-08T00:00:00Z,2024,0.00540951186903659,FALSE,FALSE,quiet,119713
2024-08-09T00:00:00Z,2024,0.0039525277598161,FALSE,FALSE,quiet,121164
2024-08-10T00:00:00Z,2024,0.0016967058342385,FALSE,FALSE,quiet,114629
2024-08-11T00:00:00Z,2024,0.0010797848456678,FALSE,FALSE,quiet,108386
2024-08-12T00:00:00Z,2024,0.00620412109971202,FALSE,FALSE,quiet,117303
2024-08-13T00:00:00Z,2024,0.00908119433288148,FALSE,FALSE,quiet,121754
2024-08-14T00:00:00Z,2024,0.01116641452832651,FALSE,FALSE,quiet,127395
2024-08-15T00:00:00Z,2024,0.00879775381197659,FALSE,FALSE,quiet,124517
2024-08-16T00:00:00Z,2024,0.02070974284288214,FALSE,FALSE,quiet,128935
2024-08-17T00:00:00Z,2024,7.895328365999132e-4,FALSE,FALSE,quiet,115422
2024-08-18T00:00:00Z,2024,6.426442966192507e-4,FALSE,FALSE,quiet,117673
2024-08-19T00:00:00Z,2024,0.00183069463505983,FALSE,FALSE,quiet,116086
2024-08-20T00:00:00Z,2024,1.235336862895574e-4,FALSE,FALSE,quiet,97274
2024-08-21T00:00:00Z,2024,2.2732843696843312e-4,FALSE,FALSE,quiet,96730
2024-08-22T00:00:00Z,2024,5.694217572263563e-4,FALSE,FALSE,quiet,102616
2024-08-23T00:00:00Z,2024,0.00328188203241343,FALSE,FALSE,quiet,111530
2024-08-24T00:00:00Z,2024,0.00249710761762154,FALSE,FALSE,quiet,116327
2024-08-25T00:00:00Z,2024,0.00771344379293884,FALSE,FALSE,quiet,127097
2024-08-26T00:00:00Z,2024,0.10741892119333972,FALSE,TRUE,false alarm,141126
2024-08-27T00:00:00Z,2024,0.3894603568372989,FALSE,TRUE,false alarm,146574
2024-08-28T00:00:00Z,2024,0.453652713405039,TRUE,TRUE,caught peak,148328
2024-08-29T00:00:00Z,2024,0.07632058322217536,FALSE,FALSE,quiet,139722
2024-08-30T00:00:00Z,2024,0.00803511617178732,FALSE,FALSE,quiet,122734
2024-08-31T00:00:00Z,2024,0.00342145186408434,FALSE,FALSE,quiet,114106
2024-09-01T00:00:00Z,2024,0.00315006150375726,FALSE,FALSE,quiet,114844
2024-09-02T00:00:00Z,2024,0.00134160099130009,FALSE,FALSE,quiet,100167
2024-09-03T00:00:00Z,2024,0.00112629191478433,FALSE,FALSE,quiet,99961
2024-09-04T00:00:00Z,2024,0.00392076414172229,FALSE,FALSE,quiet,105719
2024-09-05T00:00:00Z,2024,0.00622209552256911,FALSE,FALSE,quiet,113526
2024-09-06T00:00:00Z,2024,3.1426904723893504e-4,FALSE,FALSE,quiet,106019
2024-09-07T00:00:00Z,2024,7.0773993820505694e-6,FALSE,FALSE,quiet,84854
2024-09-08T00:00:00Z,2024,1.1563059099638733e-5,FALSE,FALSE,quiet,84169
2024-09-09T00:00:00Z,2024,3.973170304737164e-4,FALSE,FALSE,quiet,96918
2024-09-10T00:00:00Z,2024,0.00156578131282389,FALSE,FALSE,quiet,107923
2024-09-11T00:00:00Z,2024,0.00411623524694645,FALSE,FALSE,quiet,114769
2024-09-12T00:00:00Z,2024,0.00501920774976319,FALSE,FALSE,quiet,115268
2024-09-13T00:00:00Z,2024,0.00394130622944025,FALSE,FALSE,quiet,114576
2024-09-14T00:00:00Z,2024,0.00231792732877336,FALSE,FALSE,quiet,113713
2024-09-15T00:00:00Z,2024,0.00149570154610172,FALSE,FALSE,quiet,111423
2024-09-16T00:00:00Z,2024,0.00220440824367652,FALSE,FALSE,quiet,109391
2024-09-17T00:00:00Z,2024,0.0014157694576513,FALSE,FALSE,quiet,107118
2024-09-18T00:00:00Z,2024,0.00128563738561867,FALSE,FALSE,quiet,110707
2024-09-19T00:00:00Z,2024,0.00790631334691678,FALSE,FALSE,quiet,119959
2024-09-20T00:00:00Z,2024,0.01121195499188765,FALSE,FALSE,quiet,120191
2024-09-21T00:00:00Z,2024,0.0023967181792635,FALSE,FALSE,quiet,112509
2024-09-22T00:00:00Z,2024,1.2024855149029536e-4,FALSE,FALSE,quiet,100182
2024-09-23T00:00:00Z,2024,4.8582805054267055e-5,FALSE,FALSE,quiet,96921
2024-09-24T00:00:00Z,2024,6.187678940647636e-5,FALSE,FALSE,quiet,94860
2024-09-25T00:00:00Z,2024,1.418814386916019e-4,FALSE,FALSE,quiet,97633
2024-09-26T00:00:00Z,2024,6.854319062581678e-4,FALSE,FALSE,quiet,101862
2024-09-27T00:00:00Z,2024,1.509627752841029e-4,FALSE,FALSE,quiet,96331
2024-09-28T00:00:00Z,2024,2.6769707182070228e-5,FALSE,FALSE,quiet,93438
2024-09-29T00:00:00Z,2024,6.5156479002833635e-6,FALSE,FALSE,quiet,91607
2024-09-30T00:00:00Z,2024,6.194003152952756e-5,FALSE,FALSE,quiet,97712
2025-06-02T00:00:00Z,2025,5.169973517530572e-5,FALSE,FALSE,quiet,94829
2025-06-03T00:00:00Z,2025,6.541059367577897e-4,FALSE,FALSE,quiet,108449
2025-06-04T00:00:00Z,2025,6.75199292795945e-4,FALSE,FALSE,quiet,117955
2025-06-05T00:00:00Z,2025,0.00181413105731108,FALSE,FALSE,quiet,117706
2025-06-06T00:00:00Z,2025,0.01655546600923915,FALSE,FALSE,quiet,115464
2025-06-07T00:00:00Z,2025,0.00153588671674276,FALSE,FALSE,quiet,105413
2025-06-08T00:00:00Z,2025,1.8369164477299377e-4,FALSE,FALSE,quiet,98377
2025-06-09T00:00:00Z,2025,5.876369666960134e-4,FALSE,FALSE,quiet,106193
2025-06-10T00:00:00Z,2025,0.00274560824719815,FALSE,FALSE,quiet,110672
2025-06-11T00:00:00Z,2025,0.02400569693435319,FALSE,FALSE,quiet,121929
2025-06-12T00:00:00Z,2025,0.04737460549283073,FALSE,FALSE,quiet,130146
2025-06-13T00:00:00Z,2025,0.00612338383639381,FALSE,FALSE,quiet,117605
2025-06-14T00:00:00Z,2025,2.5312430288339596e-4,FALSE,FALSE,quiet,102876
2025-06-15T00:00:00Z,2025,1.6369376438396017e-4,FALSE,FALSE,quiet,97905
2025-06-16T00:00:00Z,2025,0.00123544872691311,FALSE,FALSE,quiet,108445
2025-06-17T00:00:00Z,2025,0.00740865524515794,FALSE,FALSE,quiet,118499
2025-06-18T00:00:00Z,2025,0.01985778615386726,FALSE,FALSE,quiet,127931
2025-06-19T00:00:00Z,2025,0.03483952632990387,FALSE,FALSE,quiet,126376
2025-06-20T00:00:00Z,2025,0.02205294743911529,FALSE,FALSE,quiet,123146
2025-06-21T00:00:00Z,2025,0.04621534673918411,FALSE,FALSE,quiet,135055
2025-06-22T00:00:00Z,2025,0.10405058695939218,FALSE,TRUE,false alarm,143536
2025-06-23T00:00:00Z,2025,0.7100520419991919,TRUE,TRUE,caught peak,160560
2025-06-24T00:00:00Z,2025,0.8390848590252705,TRUE,TRUE,caught peak,158646
2025-06-25T00:00:00Z,2025,0.5720077045436696,TRUE,TRUE,caught peak,153156
2025-06-26T00:00:00Z,2025,0.31732228739313845,FALSE,TRUE,false alarm,145838
2025-06-27T00:00:00Z,2025,0.0094117349897918,FALSE,FALSE,quiet,122595
2025-06-28T00:00:00Z,2025,0.02102366152170324,FALSE,FALSE,quiet,130635
2025-06-29T00:00:00Z,2025,0.0924599327073908,FALSE,FALSE,quiet,139587
2025-06-30T00:00:00Z,2025,0.17681617720687823,FALSE,TRUE,false alarm,142918
2025-07-01T00:00:00Z,2025,0.09111277383801936,FALSE,FALSE,quiet,135200
2025-07-02T00:00:00Z,2025,0.07498434556212362,FALSE,FALSE,quiet,135348
2025-07-03T00:00:00Z,2025,0.1560366086994217,FALSE,TRUE,false alarm,139569
2025-07-04T00:00:00Z,2025,0.03894821302218015,FALSE,FALSE,quiet,125102
2025-07-05T00:00:00Z,2025,0.03617812970549613,FALSE,FALSE,quiet,132356
2025-07-06T00:00:00Z,2025,0.0172369092282979,FALSE,FALSE,quiet,135319
2025-07-07T00:00:00Z,2025,0.03714250554587221,FALSE,FALSE,quiet,140440
2025-07-08T00:00:00Z,2025,0.06540343358917447,FALSE,FALSE,quiet,143899
2025-07-09T00:00:00Z,2025,0.03657684237452172,FALSE,FALSE,quiet,138528
2025-07-10T00:00:00Z,2025,0.01905958939826835,FALSE,FALSE,quiet,134832
2025-07-11T00:00:00Z,2025,0.08495664839144018,FALSE,FALSE,quiet,144933
2025-07-12T00:00:00Z,2025,0.01319601450560791,FALSE,FALSE,quiet,134828
2025-07-13T00:00:00Z,2025,0.00938441075901613,FALSE,FALSE,quiet,133111
2025-07-14T00:00:00Z,2025,0.04991879930137205,FALSE,FALSE,quiet,140906
2025-07-15T00:00:00Z,2025,0.1266339610204889,FALSE,TRUE,false alarm,143989
2025-07-16T00:00:00Z,2025,0.10534830220070368,FALSE,TRUE,false alarm,144713
2025-07-17T00:00:00Z,2025,0.04354169547411184,FALSE,FALSE,quiet,142890
2025-07-18T00:00:00Z,2025,0.01325934453113771,FALSE,FALSE,quiet,127693
2025-07-19T00:00:00Z,2025,0.00593783026271482,FALSE,FALSE,quiet,123387
2025-07-20T00:00:00Z,2025,0.00756472131190823,FALSE,FALSE,quiet,128313
2025-07-21T00:00:00Z,2025,0.02214189026917322,FALSE,FALSE,quiet,133192
2025-07-22T00:00:00Z,2025,0.02352131338209505,FALSE,FALSE,quiet,131861
2025-07-23T00:00:00Z,2025,0.08721985685766119,FALSE,FALSE,quiet,140693
2025-07-24T00:00:00Z,2025,0.1687092926757408,FALSE,TRUE,false alarm,145427
2025-07-25T00:00:00Z,2025,0.19353000172049428,FALSE,TRUE,false alarm,148888
2025-07-26T00:00:00Z,2025,0.0231191978208363,FALSE,FALSE,quiet,134701
2025-07-27T00:00:00Z,2025,0.0208358141445525,FALSE,FALSE,quiet,135324
2025-07-28T00:00:00Z,2025,0.396932260107815,TRUE,TRUE,caught peak,152155
2025-07-29T00:00:00Z,2025,0.5223321751527266,TRUE,TRUE,caught peak,154380
2025-07-30T00:00:00Z,2025,0.1885998686948866,FALSE,TRUE,false alarm,151026
2025-07-31T00:00:00Z,2025,0.03017980412124754,FALSE,FALSE,quiet,133316
2025-08-01T00:00:00Z,2025,0.00110169552984263,FALSE,FALSE,quiet,105572
2025-08-02T00:00:00Z,2025,0.0011915749988597,FALSE,FALSE,quiet,103375
2025-08-03T00:00:00Z,2025,0.00239720790104498,FALSE,FALSE,quiet,109779
2025-08-04T00:00:00Z,2025,0.02306050199027489,FALSE,FALSE,quiet,125334
2025-08-05T00:00:00Z,2025,0.019200587044669742,FALSE,FALSE,quiet,124851
2025-08-06T00:00:00Z,2025,0.01230509922470924,FALSE,FALSE,quiet,121152
2025-08-07T00:00:00Z,2025,0.01049525637870021,FALSE,FALSE,quiet,128586
2025-08-08T00:00:00Z,2025,0.01402604491119658,FALSE,FALSE,quiet,130363
2025-08-09T00:00:00Z,2025,0.00733320695071827,FALSE,FALSE,quiet,126845
2025-08-10T00:00:00Z,2025,0.00839729406933439,FALSE,FALSE,quiet,130661
2025-08-11T00:00:00Z,2025,0.04101177396769061,FALSE,FALSE,quiet,143422
2025-08-12T00:00:00Z,2025,0.08094089233997638,FALSE,FALSE,quiet,146576
2025-08-13T00:00:00Z,2025,0.06762115650042155,FALSE,FALSE,quiet,140539
2025-08-14T00:00:00Z,2025,0.07200880131945905,FALSE,FALSE,quiet,140764
2025-08-15T00:00:00Z,2025,0.15076368227319473,FALSE,TRUE,false alarm,145797
2025-08-16T00:00:00Z,2025,0.05120292919147956,FALSE,FALSE,quiet,139995
2025-08-17T00:00:00Z,2025,0.02807561847999753,FALSE,FALSE,quiet,138283
2025-08-18T00:00:00Z,2025,0.00449482701578576,FALSE,FALSE,quiet,123674
2025-08-19T00:00:00Z,2025,0.00392511798970495,FALSE,FALSE,quiet,121549
2025-08-20T00:00:00Z,2025,0.00242925596311909,FALSE,FALSE,quiet,115533
2025-08-21T00:00:00Z,2025,0.00100948626731106,FALSE,FALSE,quiet,105720
2025-08-22T00:00:00Z,2025,0.00811041346829569,FALSE,FALSE,quiet,118284
2025-08-23T00:00:00Z,2025,0.00322912452987676,FALSE,FALSE,quiet,114688
2025-08-24T00:00:00Z,2025,0.00102620647518675,FALSE,FALSE,quiet,111618
2025-08-25T00:00:00Z,2025,0.00108598815625708,FALSE,FALSE,quiet,112363
2025-08-26T00:00:00Z,2025,4.4345215525498817e-4,FALSE,FALSE,quiet,103455
2025-08-27T00:00:00Z,2025,3.3029642324569955e-4,FALSE,FALSE,quiet,100534
2025-08-28T00:00:00Z,2025,3.897304804647933e-4,FALSE,FALSE,quiet,101093
2025-08-29T00:00:00Z,2025,2.2360021028817884e-4,FALSE,FALSE,quiet,101245
2025-09-02T00:00:00Z,2025,5.325547727230868e-4,FALSE,FALSE,quiet,107126
2025-09-03T00:00:00Z,2025,4.15756371649044e-4,FALSE,FALSE,quiet,109245
2025-09-04T00:00:00Z,2025,2.20082945468032e-4,FALSE,FALSE,quiet,104847
2025-09-05T00:00:00Z,2025,9.826088239842778e-4,FALSE,FALSE,quiet,113326
2025-09-06T00:00:00Z,2025,1.1660103120090772e-4,FALSE,FALSE,quiet,102938
2025-09-07T00:00:00Z,2025,1.8580674351085513e-5,FALSE,FALSE,quiet,89195
2025-09-08T00:00:00Z,2025,1.634845572019321e-4,FALSE,FALSE,quiet,95677
2025-09-09T00:00:00Z,2025,1.8506278635878128e-4,FALSE,FALSE,quiet,96678
2025-09-10T00:00:00Z,2025,2.2221801942792183e-4,FALSE,FALSE,quiet,99937
2025-09-11T00:00:00Z,2025,7.749101360053379e-4,FALSE,FALSE,quiet,108404
2025-09-12T00:00:00Z,2025,0.00181303507790052,FALSE,FALSE,quiet,109757
2025-09-13T00:00:00Z,2025,2.5658213018267355e-4,FALSE,FALSE,quiet,103348
2025-09-14T00:00:00Z,2025,9.439707150041966e-4,FALSE,FALSE,quiet,111903
2025-09-15T00:00:00Z,2025,0.00297985949639808,FALSE,FALSE,quiet,115332
2025-09-16T00:00:00Z,2025,6.09847742701395e-4,FALSE,FALSE,quiet,106847
2025-09-17T00:00:00Z,2025,3.6049685714463194e-4,FALSE,FALSE,quiet,107591
2025-09-18T00:00:00Z,2025,0.0051528494687648,FALSE,FALSE,quiet,119591
2025-09-19T00:00:00Z,2025,0.01666689085842002,FALSE,FALSE,quiet,122368
2025-09-20T00:00:00Z,2025,3.051126555342784e-4,FALSE,FALSE,quiet,104642
2025-09-21T00:00:00Z,2025,2.7613594427772887e-4,FALSE,FALSE,quiet,101702
2025-09-22T00:00:00Z,2025,9.632376430995452e-4,FALSE,FALSE,quiet,108179
2025-09-23T00:00:00Z,2025,0.0025121119528143,FALSE,FALSE,quiet,114822
2025-09-24T00:00:00Z,2025,7.417826861301398e-4,FALSE,FALSE,quiet,107327
2025-09-25T00:00:00Z,2025,0.00116532686929669,FALSE,FALSE,quiet,111158
2025-09-26T00:00:00Z,2025,0.00353982213742211,FALSE,FALSE,quiet,114632
2025-09-27T00:00:00Z,2025,4.571814844226667e-4,FALSE,FALSE,quiet,102453
2025-09-28T00:00:00Z,2025,8.877986168198391e-4,FALSE,FALSE,quiet,112853
2025-09-29T00:00:00Z,2025,0.00355108311015749,FALSE,FALSE,quiet,111710
2025-09-30T00:00:00Z,2025,0.00158100610566295,FALSE,FALSE,quiet,108737
