date_local,summer_year,p_hat,is_top5
2019-06-02T00:00:00Z,2019,4.0263419648824795e-5,FALSE
2019-06-03T00:00:00Z,2019,2.42604408438086e-5,FALSE
2019-06-04T00:00:00Z,2019,1.3903498217982522e-4,FALSE
2019-06-05T00:00:00Z,2019,6.905764174813296e-4,FALSE
2019-06-06T00:00:00Z,2019,0.0079831706840835185,FALSE
2019-06-07T00:00:00Z,2019,0.005143410175005645,FALSE
2019-06-08T00:00:00Z,2019,9.225835232771659e-4,FALSE
2019-06-09T00:00:00Z,2019,3.655746171074929e-4,FALSE
2019-06-10T00:00:00Z,2019,0.001522235719829724,FALSE
2019-06-11T00:00:00Z,2019,0.003475880751018918,FALSE
2019-06-12T00:00:00Z,2019,6.585874056645582e-4,FALSE
2019-06-13T00:00:00Z,2019,1.2190001490465506e-4,FALSE
2019-06-14T00:00:00Z,2019,5.213996943901699e-4,FALSE
2019-06-15T00:00:00Z,2019,1.3338697650669724e-4,FALSE
2019-06-16T00:00:00Z,2019,1.3255105043200347e-4,FALSE
2019-06-17T00:00:00Z,2019,0.001375032466089534,FALSE
2019-06-18T00:00:00Z,2019,0.004223662788518986,FALSE
2019-06-19T00:00:00Z,2019,0.001596610989681473,FALSE
2019-06-20T00:00:00Z,2019,0.0025337662067214154,FALSE
2019-06-21T00:00:00Z,2019,0.0013484932851530866,FALSE
2019-06-22T00:00:00Z,2019,5.12741262399852e-4,FALSE
2019-06-23T00:00:00Z,2019,0.0014464828522599649,FALSE
2019-06-24T00:00:00Z,2019,0.008972751489291126,FALSE
2019-06-25T00:00:00Z,2019,0.04193674796402917,FALSE
2019-06-26T00:00:00Z,2019,0.12356764070501321,FALSE
2019-06-27T00:00:00Z,2019,0.1866105135096052,FALSE
2019-06-28T00:00:00Z,2019,0.23178409919802026,FALSE
2019-06-29T00:00:00Z,2019,0.045561724772320414,FALSE
2019-06-30T00:00:00Z,2019,0.016043215668630532,FALSE
2019-07-01T00:00:00Z,2019,0.056942184077299986,FALSE
2019-07-02T00:00:00Z,2019,0.17733790612594605,FALSE
2019-07-03T00:00:00Z,2019,0.06752329448220541,FALSE
2019-07-04T00:00:00Z,2019,0.046828785242268335,FALSE
2019-07-05T00:00:00Z,2019,0.06409669561382147,FALSE
2019-07-06T00:00:00Z,2019,0.007145991344200554,FALSE
2019-07-07T00:00:00Z,2019,0.002561892726247545,FALSE
2019-07-08T00:00:00Z,2019,0.004731254762667031,FALSE
2019-07-09T00:00:00Z,2019,0.05058909509745913,FALSE
2019-07-10T00:00:00Z,2019,0.13486029211596912,TRUE
2019-07-11T00:00:00Z,2019,0.029111857702494165,FALSE
2019-07-12T00:00:00Z,2019,0.061386031084431775,FALSE
2019-07-13T00:00:00Z,2019,0.04086301453161242,FALSE
2019-07-14T00:00:00Z,2019,0.0413209567213184,FALSE
2019-07-15T00:00:00Z,2019,0.14854999661760376,FALSE
2019-07-16T00:00:00Z,2019,0.10447394670412584,FALSE
2019-07-17T00:00:00Z,2019,0.24037509772301482,TRUE
2019-07-18T00:00:00Z,2019,0.09061915228616435,FALSE
2019-07-19T00:00:00Z,2019,0.37525351060233736,TRUE
2019-07-20T00:00:00Z,2019,0.27771740763253405,TRUE
2019-07-21T00:00:00Z,2019,0.05698476359890121,FALSE
2019-07-22T00:00:00Z,2019,0.02795751233126537,FALSE
2019-07-23T00:00:00Z,2019,0.0027773527700531136,FALSE
2019-07-24T00:00:00Z,2019,0.011401859401973921,FALSE
2019-07-25T00:00:00Z,2019,0.029034360874516083,FALSE
2019-07-26T00:00:00Z,2019,0.05047327646171361,FALSE
2019-07-27T00:00:00Z,2019,0.020921087536433403,FALSE
2019-07-28T00:00:00Z,2019,0.031641133348080025,FALSE
2019-07-29T00:00:00Z,2019,0.07039177052111042,FALSE
2019-07-30T00:00:00Z,2019,0.060138721767432096,FALSE
2019-07-31T00:00:00Z,2019,0.015985522816239987,FALSE
2019-08-01T00:00:00Z,2019,0.03092361122108362,FALSE
2019-08-02T00:00:00Z,2019,0.021636093815778242,FALSE
2019-08-03T00:00:00Z,2019,0.009347795446729047,FALSE
2019-08-04T00:00:00Z,2019,0.01646429177408555,FALSE
2019-08-05T00:00:00Z,2019,0.05391714845454152,FALSE
2019-08-06T00:00:00Z,2019,0.03886734410396728,FALSE
2019-08-07T00:00:00Z,2019,0.041859595023002356,FALSE
2019-08-08T00:00:00Z,2019,0.04515700972915721,FALSE
2019-08-09T00:00:00Z,2019,0.02166824676553108,FALSE
2019-08-10T00:00:00Z,2019,0.002279369313309777,FALSE
2019-08-11T00:00:00Z,2019,0.0021619721452512597,FALSE
2019-08-12T00:00:00Z,2019,0.03523870518376466,FALSE
2019-08-13T00:00:00Z,2019,0.010138169406616914,FALSE
2019-08-14T00:00:00Z,2019,0.011503554787046504,FALSE
2019-08-15T00:00:00Z,2019,0.007903958890361476,FALSE
2019-08-16T00:00:00Z,2019,0.01473855934414235,FALSE
2019-08-17T00:00:00Z,2019,0.004517685972887766,FALSE
2019-08-18T00:00:00Z,2019,0.014618884095137069,FALSE
2019-08-19T00:00:00Z,2019,0.1406406211334845,TRUE
2019-08-20T00:00:00Z,2019,0.07631237850017528,FALSE
2019-08-21T00:00:00Z,2019,0.10363637580210097,FALSE
2019-08-22T00:00:00Z,2019,0.04553585680369089,FALSE
2019-08-23T00:00:00Z,2019,9.902034092934963e-4,FALSE
2019-08-24T00:00:00Z,2019,2.848119637497589e-4,FALSE
2019-08-25T00:00:00Z,2019,3.931513502230326e-4,FALSE
2019-08-26T00:00:00Z,2019,7.894811307286382e-4,FALSE
2019-08-27T00:00:00Z,2019,0.0018949799942136864,FALSE
2019-08-28T00:00:00Z,2019,0.0032571660027550043,FALSE
2019-08-29T00:00:00Z,2019,0.008994451760683907,FALSE
2019-08-30T00:00:00Z,2019,0.004703414789678898,FALSE
2019-08-31T00:00:00Z,2019,5.363232197727013e-4,FALSE
2019-09-01T00:00:00Z,2019,2.5969842196174267e-4,FALSE
2019-09-02T00:00:00Z,2019,0.0025227097840913007,FALSE
2019-09-03T00:00:00Z,2019,0.006907528117838071,FALSE
2019-09-04T00:00:00Z,2019,0.007181044793706173,FALSE
2019-09-05T00:00:00Z,2019,7.862553824898497e-4,FALSE
2019-09-06T00:00:00Z,2019,2.0225639679587987e-4,FALSE
2019-09-07T00:00:00Z,2019,2.6087278089805764e-4,FALSE
2019-09-08T00:00:00Z,2019,1.3010469400773293e-4,FALSE
2019-09-09T00:00:00Z,2019,0.0017438605083942773,FALSE
2019-09-10T00:00:00Z,2019,0.018886666088489754,FALSE
2019-09-11T00:00:00Z,2019,0.09713836827861572,FALSE
2019-09-12T00:00:00Z,2019,0.04264898193898578,FALSE
2019-09-13T00:00:00Z,2019,0.0018929085825442867,FALSE
2019-09-14T00:00:00Z,2019,7.995935090836284e-4,FALSE
2019-09-15T00:00:00Z,2019,0.0025698940625702104,FALSE
2019-09-16T00:00:00Z,2019,0.012726985902904978,FALSE
2019-09-17T00:00:00Z,2019,0.004835077935706189,FALSE
2019-09-18T00:00:00Z,2019,0.0030168240713088984,FALSE
2019-09-19T00:00:00Z,2019,0.0014164838432696556,FALSE
2019-09-20T00:00:00Z,2019,0.0023850402142990067,FALSE
2019-09-21T00:00:00Z,2019,0.001322815337530007,FALSE
2019-09-22T00:00:00Z,2019,0.002576197902167451,FALSE
2019-09-23T00:00:00Z,2019,0.01144959005540514,FALSE
2019-09-24T00:00:00Z,2019,0.0013347981145638852,FALSE
2019-09-25T00:00:00Z,2019,0.002099343697504049,FALSE
2019-09-26T00:00:00Z,2019,0.002171310185753892,FALSE
2019-09-27T00:00:00Z,2019,7.251608282582534e-4,FALSE
2019-09-28T00:00:00Z,2019,2.698306597957858e-4,FALSE
2019-09-29T00:00:00Z,2019,2.5171186925315324e-4,FALSE
2019-09-30T00:00:00Z,2019,0.0013600620660826448,FALSE
2020-06-02T00:00:00Z,2020,2.304277444014519e-4,FALSE
2020-06-03T00:00:00Z,2020,0.0028422333044941174,FALSE
2020-06-04T00:00:00Z,2020,0.007361468360034354,FALSE
2020-06-05T00:00:00Z,2020,0.005932178155556045,FALSE
2020-06-06T00:00:00Z,2020,0.0097197254668172,FALSE
2020-06-07T00:00:00Z,2020,6.751440799924661e-4,FALSE
2020-06-08T00:00:00Z,2020,0.009746433363102321,FALSE
2020-06-09T00:00:00Z,2020,0.04487227219614636,FALSE
2020-06-10T00:00:00Z,2020,0.0471614653286305,FALSE
2020-06-11T00:00:00Z,2020,0.005002137645167928,FALSE
2020-06-12T00:00:00Z,2020,0.004892805938822799,FALSE
2020-06-13T00:00:00Z,2020,7.782916681481739e-5,FALSE
2020-06-14T00:00:00Z,2020,8.039502302122137e-5,FALSE
2020-06-15T00:00:00Z,2020,4.963007089124516e-4,FALSE
2020-06-16T00:00:00Z,2020,0.0021452670891223186,FALSE
2020-06-17T00:00:00Z,2020,0.0019396574070534506,FALSE
2020-06-18T00:00:00Z,2020,0.0023757406182619073,FALSE
2020-06-19T00:00:00Z,2020,0.00585370204355097,FALSE
2020-06-20T00:00:00Z,2020,0.002426677825853894,FALSE
2020-06-21T00:00:00Z,2020,0.0034269554237297247,FALSE
2020-06-22T00:00:00Z,2020,0.02800122727325432,FALSE
2020-06-23T00:00:00Z,2020,0.013554895496401499,FALSE
2020-06-24T00:00:00Z,2020,0.0072597473586953455,FALSE
2020-06-25T00:00:00Z,2020,0.00988101481668047,FALSE
2020-06-26T00:00:00Z,2020,0.017708564903033294,FALSE
2020-06-27T00:00:00Z,2020,0.008135342620237197,FALSE
2020-06-28T00:00:00Z,2020,0.009378537655531953,FALSE
2020-06-29T00:00:00Z,2020,0.09100119426430658,FALSE
2020-06-30T00:00:00Z,2020,0.056230247400904654,FALSE
2020-07-01T00:00:00Z,2020,0.030760270457338423,FALSE
2020-07-02T00:00:00Z,2020,0.1496500361210934,FALSE
2020-07-03T00:00:00Z,2020,0.21642695029435616,FALSE
2020-07-04T00:00:00Z,2020,0.030679411544061088,FALSE
2020-07-05T00:00:00Z,2020,0.08486897214037861,FALSE
2020-07-06T00:00:00Z,2020,0.26063066802637197,TRUE
2020-07-07T00:00:00Z,2020,0.15790192470245168,FALSE
2020-07-08T00:00:00Z,2020,0.1497494986699436,FALSE
2020-07-09T00:00:00Z,2020,0.19973761895412134,TRUE
2020-07-10T00:00:00Z,2020,0.01864535940723901,FALSE
2020-07-11T00:00:00Z,2020,0.01481142141715479,FALSE
2020-07-12T00:00:00Z,2020,0.0070759167182881865,FALSE
2020-07-13T00:00:00Z,2020,0.0359857765839639,FALSE
2020-07-14T00:00:00Z,2020,0.05027371818215641,FALSE
2020-07-15T00:00:00Z,2020,0.0806267258857965,FALSE
2020-07-16T00:00:00Z,2020,0.02902772808442594,FALSE
2020-07-17T00:00:00Z,2020,0.1039493911984356,FALSE
2020-07-18T00:00:00Z,2020,0.08641050710563343,FALSE
2020-07-19T00:00:00Z,2020,0.0563038736053669,FALSE
2020-07-20T00:00:00Z,2020,0.22466877993145098,TRUE
2020-07-21T00:00:00Z,2020,0.13850123788564428,FALSE
2020-07-22T00:00:00Z,2020,0.12330448310711802,FALSE
2020-07-23T00:00:00Z,2020,0.0501794497147064,FALSE
2020-07-24T00:00:00Z,2020,0.02364140213639449,FALSE
2020-07-25T00:00:00Z,2020,0.0381315370749898,FALSE
2020-07-26T00:00:00Z,2020,0.16434193238939707,FALSE
2020-07-27T00:00:00Z,2020,0.270354069345616,TRUE
2020-07-28T00:00:00Z,2020,0.17847106954062858,FALSE
2020-07-29T00:00:00Z,2020,0.18417304122820383,TRUE
2020-07-30T00:00:00Z,2020,0.10284445997648653,FALSE
2020-07-31T00:00:00Z,2020,0.00809749198321385,FALSE
2020-08-01T00:00:00Z,2020,0.0057450210751772215,FALSE
2020-08-02T00:00:00Z,2020,0.011794914845148318,FALSE
2020-08-03T00:00:00Z,2020,0.006656878847029199,FALSE
2020-08-04T00:00:00Z,2020,0.0011805809847606021,FALSE
2020-08-05T00:00:00Z,2020,0.007723471374861196,FALSE
2020-08-06T00:00:00Z,2020,0.004134773639056316,FALSE
2020-08-07T00:00:00Z,2020,0.004247040581323014,FALSE
2020-08-08T00:00:00Z,2020,0.00286230289350736,FALSE
2020-08-09T00:00:00Z,2020,0.008705356478624205,FALSE
2020-08-10T00:00:00Z,2020,0.12091914128065064,FALSE
2020-08-11T00:00:00Z,2020,0.07674128067903105,FALSE
2020-08-12T00:00:00Z,2020,0.08271408271472706,FALSE
2020-08-13T00:00:00Z,2020,0.02878479636709703,FALSE
2020-08-14T00:00:00Z,2020,0.05611552392081588,FALSE
2020-08-15T00:00:00Z,2020,0.0031882317355433247,FALSE
2020-08-16T00:00:00Z,2020,7.474269969169413e-4,FALSE
2020-08-17T00:00:00Z,2020,0.010982321349398345,FALSE
2020-08-18T00:00:00Z,2020,0.008469995239511993,FALSE
2020-08-19T00:00:00Z,2020,0.004893228338805337,FALSE
2020-08-20T00:00:00Z,2020,0.011498321885317467,FALSE
2020-08-21T00:00:00Z,2020,0.0173487925760785,FALSE
2020-08-22T00:00:00Z,2020,0.006496622401380241,FALSE
2020-08-23T00:00:00Z,2020,0.008216622500048995,FALSE
2020-08-24T00:00:00Z,2020,0.11861987768332014,FALSE
2020-08-25T00:00:00Z,2020,0.1753398211912481,FALSE
2020-08-26T00:00:00Z,2020,0.08923036091929844,FALSE
2020-08-27T00:00:00Z,2020,0.3364975074228554,FALSE
2020-08-28T00:00:00Z,2020,0.13823157060433428,FALSE
2020-08-29T00:00:00Z,2020,0.004080288824774079,FALSE
2020-08-30T00:00:00Z,2020,0.001336881159478995,FALSE
2020-08-31T00:00:00Z,2020,0.0030932831568148225,FALSE
2020-09-01T00:00:00Z,2020,0.0028636194631715033,FALSE
2020-09-02T00:00:00Z,2020,0.029118853735715093,FALSE
2020-09-03T00:00:00Z,2020,0.045699480522818345,FALSE
2020-09-04T00:00:00Z,2020,0.009871229790478652,FALSE
2020-09-05T00:00:00Z,2020,7.615847744354954e-4,FALSE
2020-09-06T00:00:00Z,2020,9.832144955010283e-4,FALSE
2020-09-07T00:00:00Z,2020,0.0023712074555366485,FALSE
2020-09-08T00:00:00Z,2020,0.003399843612700931,FALSE
2020-09-09T00:00:00Z,2020,0.0013957497111899806,FALSE
2020-09-10T00:00:00Z,2020,0.0017324996224116374,FALSE
2020-09-11T00:00:00Z,2020,3.383037069458595e-4,FALSE
2020-09-12T00:00:00Z,2020,1.070726918149928e-4,FALSE
2020-09-13T00:00:00Z,2020,3.275263101419048e-4,FALSE
2020-09-14T00:00:00Z,2020,6.277995658368462e-4,FALSE
2020-09-15T00:00:00Z,2020,1.5480272965627518e-4,FALSE
2020-09-16T00:00:00Z,2020,5.13781181285109e-4,FALSE
2020-09-17T00:00:00Z,2020,1.576399122012101e-4,FALSE
2020-09-18T00:00:00Z,2020,2.2023846950082467e-5,FALSE
2020-09-19T00:00:00Z,2020,2.174504188701883e-6,FALSE
2020-09-20T00:00:00Z,2020,4.830482065361361e-6,FALSE
2020-09-21T00:00:00Z,2020,2.548588512100509e-5,FALSE
2020-09-22T00:00:00Z,2020,6.870679864674406e-5,FALSE
2020-09-23T00:00:00Z,2020,3.655854140615138e-4,FALSE
2020-09-24T00:00:00Z,2020,1.1975894552781142e-4,FALSE
2020-09-25T00:00:00Z,2020,1.411416441292284e-4,FALSE
2020-09-26T00:00:00Z,2020,4.3380972060193706e-05,FALSE
2020-09-27T00:00:00Z,2020,8.265335890400448e-5,FALSE
2020-09-28T00:00:00Z,2020,1.1735655287191579e-4,FALSE
2020-09-29T00:00:00Z,2020,2.9457009086761467e-5,FALSE
2020-09-30T00:00:00Z,2020,1.9379015864162457e-5,FALSE
2021-06-02T00:00:00Z,2021,4.77279982026974e-5,FALSE
2021-06-03T00:00:00Z,2021,1.7919381368933115e-4,FALSE
2021-06-04T00:00:00Z,2021,5.197718080403618e-4,FALSE
2021-06-05T00:00:00Z,2021,0.004833024714194564,FALSE
2021-06-06T00:00:00Z,2021,0.0673877079272706,FALSE
2021-06-07T00:00:00Z,2021,0.10630857077346441,FALSE
2021-06-08T00:00:00Z,2021,0.06399453972696152,FALSE
2021-06-09T00:00:00Z,2021,0.047156070715454364,FALSE
2021-06-10T00:00:00Z,2021,0.013660893615448618,FALSE
2021-06-11T00:00:00Z,2021,0.0011637627643274612,FALSE
2021-06-12T00:00:00Z,2021,7.02589306651081e-4,FALSE
2021-06-13T00:00:00Z,2021,0.0010873279622764067,FALSE
2021-06-14T00:00:00Z,2021,0.0051178471283597005,FALSE
2021-06-15T00:00:00Z,2021,0.0017500782421764035,FALSE
2021-06-16T00:00:00Z,2021,8.208162178721814e-4,FALSE
2021-06-17T00:00:00Z,2021,0.0030172982133604667,FALSE
2021-06-18T00:00:00Z,2021,0.009750261858733974,FALSE
2021-06-19T00:00:00Z,2021,0.0029720240613585504,FALSE
2021-06-20T00:00:00Z,2021,0.003985561234838062,FALSE
2021-06-21T00:00:00Z,2021,0.005822247107176102,FALSE
2021-06-22T00:00:00Z,2021,6.279245026149303e-5,FALSE
2021-06-23T00:00:00Z,2021,3.881161891821816e-4,FALSE
2021-06-24T00:00:00Z,2021,7.983892844321904e-4,FALSE
2021-06-25T00:00:00Z,2021,0.001801526435186112,FALSE
2021-06-26T00:00:00Z,2021,0.0029156040106269932,FALSE
2021-06-27T00:00:00Z,2021,0.010401586136173147,FALSE
2021-06-28T00:00:00Z,2021,0.06949710400313283,FALSE
2021-06-29T00:00:00Z,2021,0.26082869706625733,TRUE
2021-06-30T00:00:00Z,2021,0.22255014089977715,FALSE
2021-07-01T00:00:00Z,2021,0.006883530603336872,FALSE
2021-07-02T00:00:00Z,2021,0.0010596788358565041,FALSE
2021-07-03T00:00:00Z,2021,5.149855837337194e-4,FALSE
2021-07-04T00:00:00Z,2021,0.0048223544415790884,FALSE
2021-07-05T00:00:00Z,2021,0.10338476385152662,FALSE
2021-07-06T00:00:00Z,2021,0.4232304903914473,TRUE
2021-07-07T00:00:00Z,2021,0.2889471927528408,FALSE
2021-07-08T00:00:00Z,2021,0.005573420318460416,FALSE
2021-07-09T00:00:00Z,2021,0.00721348333361042,FALSE
2021-07-10T00:00:00Z,2021,4.950036944108576e-4,FALSE
2021-07-11T00:00:00Z,2021,7.865796787869128e-4,FALSE
2021-07-12T00:00:00Z,2021,0.022681866444589888,FALSE
2021-07-13T00:00:00Z,2021,0.01790646176927415,FALSE
2021-07-14T00:00:00Z,2021,0.05834381920963925,FALSE
2021-07-15T00:00:00Z,2021,0.03167057937891663,FALSE
2021-07-16T00:00:00Z,2021,0.028700009194159534,FALSE
2021-07-17T00:00:00Z,2021,0.004155784077320018,FALSE
2021-07-18T00:00:00Z,2021,0.001452984645972511,FALSE
2021-07-19T00:00:00Z,2021,0.024994593936638214,FALSE
2021-07-20T00:00:00Z,2021,0.08705785011902549,FALSE
2021-07-21T00:00:00Z,2021,0.006282588917726263,FALSE
2021-07-22T00:00:00Z,2021,0.008056769076278154,FALSE
2021-07-23T00:00:00Z,2021,0.01849774960183801,FALSE
2021-07-24T00:00:00Z,2021,0.009171591768155452,FALSE
2021-07-25T00:00:00Z,2021,0.01681129180427006,FALSE
2021-07-26T00:00:00Z,2021,0.2382922916314602,FALSE
2021-07-27T00:00:00Z,2021,0.21872278918590643,FALSE
2021-07-28T00:00:00Z,2021,0.09673392095470518,FALSE
2021-07-29T00:00:00Z,2021,0.020963325515127952,FALSE
2021-07-30T00:00:00Z,2021,0.0055000707124837935,FALSE
2021-07-31T00:00:00Z,2021,4.927409545849973e-4,FALSE
2021-08-01T00:00:00Z,2021,1.6767710808375505e-4,FALSE
2021-08-02T00:00:00Z,2021,0.0022633837413922686,FALSE
2021-08-03T00:00:00Z,2021,0.0041082638356201035,FALSE
2021-08-04T00:00:00Z,2021,0.004692977900741461,FALSE
2021-08-05T00:00:00Z,2021,0.013431332371223537,FALSE
2021-08-06T00:00:00Z,2021,0.023098433341929903,FALSE
2021-08-07T00:00:00Z,2021,0.002178246909924442,FALSE
2021-08-08T00:00:00Z,2021,0.007375274081498367,FALSE
2021-08-09T00:00:00Z,2021,0.026861967669881047,FALSE
2021-08-10T00:00:00Z,2021,0.12374820444902485,FALSE
2021-08-11T00:00:00Z,2021,0.20415545580836894,FALSE
2021-08-12T00:00:00Z,2021,0.2928850339213795,TRUE
2021-08-13T00:00:00Z,2021,0.25801514504369377,FALSE
2021-08-14T00:00:00Z,2021,0.011663198354308707,FALSE
2021-08-15T00:00:00Z,2021,0.002657633492926334,FALSE
2021-08-16T00:00:00Z,2021,0.006430626839645253,FALSE
2021-08-17T00:00:00Z,2021,0.01626435769653798,FALSE
2021-08-18T00:00:00Z,2021,0.04529506575947227,FALSE
2021-08-19T00:00:00Z,2021,0.10272148487759876,FALSE
2021-08-20T00:00:00Z,2021,0.028412299957348005,FALSE
2021-08-21T00:00:00Z,2021,0.005426856612223546,FALSE
2021-08-22T00:00:00Z,2021,0.002671382371513559,FALSE
2021-08-23T00:00:00Z,2021,0.10247588360824038,FALSE
2021-08-24T00:00:00Z,2021,0.37611890745217813,TRUE
2021-08-25T00:00:00Z,2021,0.46894291867015797,FALSE
2021-08-26T00:00:00Z,2021,0.2338905983044034,TRUE
2021-08-27T00:00:00Z,2021,0.2649330870309175,FALSE
2021-08-28T00:00:00Z,2021,0.014686461762350993,FALSE
2021-08-29T00:00:00Z,2021,0.009746814219657514,FALSE
2021-08-30T00:00:00Z,2021,0.09657302723600111,FALSE
2021-08-31T00:00:00Z,2021,0.02411585225194185,FALSE
2021-09-01T00:00:00Z,2021,0.0020519853050100074,FALSE
2021-09-02T00:00:00Z,2021,0.0018772681333898817,FALSE
2021-09-03T00:00:00Z,2021,6.295267608505128e-4,FALSE
2021-09-04T00:00:00Z,2021,2.2590265031650054e-4,FALSE
2021-09-05T00:00:00Z,2021,3.161542410804341e-4,FALSE
2021-09-06T00:00:00Z,2021,0.00449517920582012,FALSE
2021-09-07T00:00:00Z,2021,0.008553853439521204,FALSE
2021-09-08T00:00:00Z,2021,0.003939075524881466,FALSE
2021-09-09T00:00:00Z,2021,2.5505107230595377e-4,FALSE
2021-09-10T00:00:00Z,2021,3.524334417516027e-4,FALSE
2021-09-11T00:00:00Z,2021,3.8818037777967057e-4,FALSE
2021-09-12T00:00:00Z,2021,0.0026849642529193822,FALSE
2021-09-13T00:00:00Z,2021,0.025290712095636173,FALSE
2021-09-14T00:00:00Z,2021,0.03377773181054248,FALSE
2021-09-15T00:00:00Z,2021,0.014791424980986612,FALSE
2021-09-16T00:00:00Z,2021,0.0033757342082272536,FALSE
2021-09-17T00:00:00Z,2021,0.0068243070909441384,FALSE
2021-09-18T00:00:00Z,2021,0.002605105051100804,FALSE
2021-09-19T00:00:00Z,2021,0.0023898383128193672,FALSE
2021-09-20T00:00:00Z,2021,0.0022889171830411483,FALSE
2021-09-21T00:00:00Z,2021,8.238597976235955e-4,FALSE
2021-09-22T00:00:00Z,2021,3.0663394266141513e-4,FALSE
2021-09-23T00:00:00Z,2021,4.10539614040211e-5,FALSE
2021-09-24T00:00:00Z,2021,1.6397308233797697e-4,FALSE
2021-09-25T00:00:00Z,2021,2.1141276919182263e-5,FALSE
2021-09-26T00:00:00Z,2021,5.1913730468099754e-5,FALSE
2021-09-27T00:00:00Z,2021,0.0017410777886484484,FALSE
2021-09-28T00:00:00Z,2021,2.369296456455028e-4,FALSE
2021-09-29T00:00:00Z,2021,1.083898041257112e-4,FALSE
2021-09-30T00:00:00Z,2021,6.692873620411337e-5,FALSE
2022-06-02T00:00:00Z,2022,0.0015921485819284276,FALSE
2022-06-03T00:00:00Z,2022,9.798786299045634e-4,FALSE
2022-06-04T00:00:00Z,2022,1.6446176788294784e-4,FALSE
2022-06-05T00:00:00Z,2022,1.8818756664411111e-4,FALSE
2022-06-06T00:00:00Z,2022,0.004951880903508652,FALSE
2022-06-07T00:00:00Z,2022,0.0018959298540752634,FALSE
2022-06-08T00:00:00Z,2022,0.0033468150776781143,FALSE
2022-06-09T00:00:00Z,2022,0.0023683491740465407,FALSE
2022-06-10T00:00:00Z,2022,0.001330403575866701,FALSE
2022-06-11T00:00:00Z,2022,9.337003657677216e-5,FALSE
2022-06-12T00:00:00Z,2022,2.5371876418538153e-4,FALSE
2022-06-13T00:00:00Z,2022,0.07494031294221339,FALSE
2022-06-14T00:00:00Z,2022,0.18110802737334664,FALSE
2022-06-15T00:00:00Z,2022,0.22678270848544668,FALSE
2022-06-16T00:00:00Z,2022,0.08411750658679747,FALSE
2022-06-17T00:00:00Z,2022,0.16250530049042938,FALSE
2022-06-18T00:00:00Z,2022,1.8773392007291972e-4,FALSE
2022-06-19T00:00:00Z,2022,4.2163284284758113e-4,FALSE
2022-06-20T00:00:00Z,2022,0.009997339440869833,FALSE
2022-06-21T00:00:00Z,2022,0.0565591383076344,FALSE
2022-06-22T00:00:00Z,2022,0.013108638390000505,FALSE
2022-06-23T00:00:00Z,2022,0.0016189927447715186,FALSE
2022-06-24T00:00:00Z,2022,0.015543446130359293,FALSE
2022-06-25T00:00:00Z,2022,0.005677058806638365,FALSE
2022-06-26T00:00:00Z,2022,0.0050194506223544995,FALSE
2022-06-27T00:00:00Z,2022,0.0019691991332505365,FALSE
2022-06-28T00:00:00Z,2022,0.0033610103527403376,FALSE
2022-06-29T00:00:00Z,2022,0.019033585309928762,FALSE
2022-06-30T00:00:00Z,2022,0.09221807868868682,FALSE
2022-07-01T00:00:00Z,2022,0.06157730172898975,FALSE
2022-07-02T00:00:00Z,2022,0.017398163413276695,FALSE
2022-07-03T00:00:00Z,2022,0.013976991262015912,FALSE
2022-07-04T00:00:00Z,2022,0.03060349046670449,FALSE
2022-07-05T00:00:00Z,2022,0.05759535834992489,FALSE
2022-07-06T00:00:00Z,2022,0.025593172062336883,FALSE
2022-07-07T00:00:00Z,2022,0.012727370931567084,FALSE
2022-07-08T00:00:00Z,2022,0.004950810094401266,FALSE
2022-07-09T00:00:00Z,2022,2.468036454762678e-4,FALSE
2022-07-10T00:00:00Z,2022,0.0016264903403017694,FALSE
2022-07-11T00:00:00Z,2022,0.01585050625820735,FALSE
2022-07-12T00:00:00Z,2022,0.0760123756846551,FALSE
2022-07-13T00:00:00Z,2022,0.04259433006051339,FALSE
2022-07-14T00:00:00Z,2022,0.02930294384217696,FALSE
2022-07-15T00:00:00Z,2022,0.012836001302565164,FALSE
2022-07-16T00:00:00Z,2022,0.001998812086445642,FALSE
2022-07-17T00:00:00Z,2022,0.001636828278758767,FALSE
2022-07-18T00:00:00Z,2022,0.0653127760155947,FALSE
2022-07-19T00:00:00Z,2022,0.17397862256105184,FALSE
2022-07-20T00:00:00Z,2022,0.25873095753924086,TRUE
2022-07-21T00:00:00Z,2022,0.36137688586780886,TRUE
2022-07-22T00:00:00Z,2022,0.3991393219350125,TRUE
2022-07-23T00:00:00Z,2022,0.0779168067763438,FALSE
2022-07-24T00:00:00Z,2022,0.13828256623167973,FALSE
2022-07-25T00:00:00Z,2022,0.03247972985561305,FALSE
2022-07-26T00:00:00Z,2022,0.007245171759383897,FALSE
2022-07-27T00:00:00Z,2022,0.0306436357182356,FALSE
2022-07-28T00:00:00Z,2022,0.0648312324277865,FALSE
2022-07-29T00:00:00Z,2022,0.01783819271294963,FALSE
2022-07-30T00:00:00Z,2022,0.006128830681084124,FALSE
2022-07-31T00:00:00Z,2022,0.0034983719222433556,FALSE
2022-08-01T00:00:00Z,2022,0.014739377744713119,FALSE
2022-08-02T00:00:00Z,2022,0.1245057961461467,FALSE
2022-08-03T00:00:00Z,2022,0.17902877377050516,TRUE
2022-08-04T00:00:00Z,2022,0.14605431925651105,FALSE
2022-08-05T00:00:00Z,2022,0.07251598750615253,FALSE
2022-08-06T00:00:00Z,2022,0.03544650562875634,FALSE
2022-08-07T00:00:00Z,2022,0.021630134876774957,FALSE
2022-08-08T00:00:00Z,2022,0.11135346831944684,TRUE
2022-08-09T00:00:00Z,2022,0.08216210953043651,FALSE
2022-08-10T00:00:00Z,2022,0.039720249509174535,FALSE
2022-08-11T00:00:00Z,2022,0.02079974315883801,FALSE
2022-08-12T00:00:00Z,2022,0.00647936080635003,FALSE
2022-08-13T00:00:00Z,2022,0.0010402353692131325,FALSE
2022-08-14T00:00:00Z,2022,4.691471488383108e-4,FALSE
2022-08-15T00:00:00Z,2022,0.0023829186715865237,FALSE
2022-08-16T00:00:00Z,2022,0.004453390197192525,FALSE
2022-08-17T00:00:00Z,2022,0.004143765272139217,FALSE
2022-08-18T00:00:00Z,2022,0.010573036620741369,FALSE
2022-08-19T00:00:00Z,2022,0.018880098686891236,FALSE
2022-08-20T00:00:00Z,2022,0.002316016316019135,FALSE
2022-08-21T00:00:00Z,2022,7.051540496306772e-4,FALSE
2022-08-22T00:00:00Z,2022,0.005930299883815621,FALSE
2022-08-23T00:00:00Z,2022,0.012776651805885402,FALSE
2022-08-24T00:00:00Z,2022,0.03291245706421428,FALSE
2022-08-25T00:00:00Z,2022,0.025839121881416908,FALSE
2022-08-26T00:00:00Z,2022,0.027877733846912344,FALSE
2022-08-27T00:00:00Z,2022,0.007775885707004779,FALSE
2022-08-28T00:00:00Z,2022,0.0136857024734526,FALSE
2022-08-29T00:00:00Z,2022,0.056869183633010585,FALSE
2022-08-30T00:00:00Z,2022,0.03656055180867635,FALSE
2022-08-31T00:00:00Z,2022,0.017707960550170886,FALSE
2022-09-01T00:00:00Z,2022,0.04976391205487109,FALSE
2022-09-02T00:00:00Z,2022,0.025001159504734752,FALSE
2022-09-03T00:00:00Z,2022,0.007855352181436088,FALSE
2022-09-04T00:00:00Z,2022,0.0025845537672391883,FALSE
2022-09-05T00:00:00Z,2022,0.003407550802937402,FALSE
2022-09-06T00:00:00Z,2022,0.0014498599107301265,FALSE
2022-09-07T00:00:00Z,2022,7.160011589313653e-4,FALSE
2022-09-08T00:00:00Z,2022,0.0032144382441601583,FALSE
2022-09-09T00:00:00Z,2022,0.005098553765712188,FALSE
2022-09-10T00:00:00Z,2022,0.00070859882310373855,FALSE
2022-09-11T00:00:00Z,2022,5.021904423764244e-5,FALSE
2022-09-12T00:00:00Z,2022,5.016023071627786e-4,FALSE
2022-09-13T00:00:00Z,2022,9.994500964208744e-4,FALSE
2022-09-14T00:00:00Z,2022,0.0010703505766550025,FALSE
2022-09-15T00:00:00Z,2022,8.833543528432923e-4,FALSE
2022-09-16T00:00:00Z,2022,0.0018036764156246965,FALSE
2022-09-17T00:00:00Z,2022,7.170345831025387e-4,FALSE
2022-09-18T00:00:00Z,2022,0.0014877852115351335,FALSE
2022-09-19T00:00:00Z,2022,0.004246956975508969,FALSE
2022-09-20T00:00:00Z,2022,0.006020766923664145,FALSE
2022-09-21T00:00:00Z,2022,0.011481427071093337,FALSE
2022-09-22T00:00:00Z,2022,1.3604354335950325e-4,FALSE
2022-09-23T00:00:00Z,2022,1.7104432306827588e-5,FALSE
2022-09-24T00:00:00Z,2022,1.3460663470859468e-5,FALSE
2022-09-25T00:00:00Z,2022,3.34492581272889e-5,FALSE
2022-09-26T00:00:00Z,2022,9.866327668467536e-5,FALSE
2022-09-27T00:00:00Z,2022,2.4054843024346668e-5,FALSE
2022-09-28T00:00:00Z,2022,1.6119464979225956e-5,FALSE
2022-09-29T00:00:00Z,2022,8.407957177678353e-6,FALSE
2022-09-30T00:00:00Z,2022,3.2331936948430087e-6,FALSE
2023-06-02T00:00:00Z,2023,0.036878954395781934,FALSE
2023-06-03T00:00:00Z,2023,9.446875665434729e-4,FALSE
2023-06-04T00:00:00Z,2023,1.1618887664784552e-4,FALSE
2023-06-05T00:00:00Z,2023,0.0011463117813586298,FALSE
2023-06-06T00:00:00Z,2023,0.005778981349157683,FALSE
2023-06-07T00:00:00Z,2023,0.00138542927415236,FALSE
2023-06-08T00:00:00Z,2023,9.552871538979895e-4,FALSE
2023-06-09T00:00:00Z,2023,0.0015254377813489744,FALSE
2023-06-10T00:00:00Z,2023,0.0018332479612930437,FALSE
2023-06-11T00:00:00Z,2023,2.0422285733908202e-4,FALSE
2023-06-12T00:00:00Z,2023,2.1247684887703972e-4,FALSE
2023-06-13T00:00:00Z,2023,2.1957545826891596e-4,FALSE
2023-06-14T00:00:00Z,2023,5.983127667407835e-4,FALSE
2023-06-15T00:00:00Z,2023,8.987163355975682e-4,FALSE
2023-06-16T00:00:00Z,2023,2.179866988796006e-4,FALSE
2023-06-17T00:00:00Z,2023,5.52291632157755e-4,FALSE
2023-06-18T00:00:00Z,2023,0.0022406995661030803,FALSE
2023-06-19T00:00:00Z,2023,0.01356723702022795,FALSE
2023-06-20T00:00:00Z,2023,0.004187145924694128,FALSE
2023-06-21T00:00:00Z,2023,0.00117518590621127,FALSE
2023-06-22T00:00:00Z,2023,6.827772143643395e-4,FALSE
2023-06-23T00:00:00Z,2023,0.001415296249323305,FALSE
2023-06-24T00:00:00Z,2023,0.004317514715646491,FALSE
2023-06-25T00:00:00Z,2023,0.004725501840636716,FALSE
2023-06-26T00:00:00Z,2023,0.00491549227701089,FALSE
2023-06-27T00:00:00Z,2023,0.0013723182229300654,FALSE
2023-06-28T00:00:00Z,2023,0.005895916215549273,FALSE
2023-06-29T00:00:00Z,2023,0.018431080180862015,FALSE
2023-06-30T00:00:00Z,2023,0.035795499934744276,FALSE
2023-07-01T00:00:00Z,2023,0.004546903463083843,FALSE
2023-07-02T00:00:00Z,2023,0.002242998526211507,FALSE
2023-07-03T00:00:00Z,2023,0.05361590299920435,FALSE
2023-07-04T00:00:00Z,2023,0.055375854051566094,FALSE
2023-07-05T00:00:00Z,2023,0.14584233626341567,FALSE
2023-07-06T00:00:00Z,2023,0.058815333717212974,FALSE
2023-07-07T00:00:00Z,2023,0.025787054691900974,FALSE
2023-07-08T00:00:00Z,2023,0.00387322784405769,FALSE
2023-07-09T00:00:00Z,2023,0.0030139051588777485,FALSE
2023-07-10T00:00:00Z,2023,0.03843651658268435,FALSE
2023-07-11T00:00:00Z,2023,0.07090921457062042,FALSE
2023-07-12T00:00:00Z,2023,0.046725180853619507,FALSE
2023-07-13T00:00:00Z,2023,0.07688871710398024,FALSE
2023-07-14T00:00:00Z,2023,0.07859831595141589,FALSE
2023-07-15T00:00:00Z,2023,0.014614115717470188,FALSE
2023-07-16T00:00:00Z,2023,0.0034100953033480096,FALSE
2023-07-17T00:00:00Z,2023,0.03504509611773638,FALSE
2023-07-18T00:00:00Z,2023,0.026693502524148725,FALSE
2023-07-19T00:00:00Z,2023,0.030643447393177738,FALSE
2023-07-20T00:00:00Z,2023,0.05501310733055053,FALSE
2023-07-21T00:00:00Z,2023,0.015398315114719023,FALSE
2023-07-22T00:00:00Z,2023,0.00469299192523444,FALSE
2023-07-23T00:00:00Z,2023,0.008117361971019402,FALSE
2023-07-24T00:00:00Z,2023,0.035844930792378084,FALSE
2023-07-25T00:00:00Z,2023,0.03287592693812326,FALSE
2023-07-26T00:00:00Z,2023,0.11855686266660614,FALSE
2023-07-27T00:00:00Z,2023,0.344408053199411,TRUE
2023-07-28T00:00:00Z,2023,0.4059156602391677,TRUE
2023-07-29T00:00:00Z,2023,0.039395265126744176,FALSE
2023-07-30T00:00:00Z,2023,0.0037578789245056843,FALSE
2023-07-31T00:00:00Z,2023,0.016876826787748052,FALSE
2023-08-01T00:00:00Z,2023,0.015448152006585985,FALSE
2023-08-02T00:00:00Z,2023,0.0207395078149388,FALSE
2023-08-03T00:00:00Z,2023,0.02920574481628655,FALSE
2023-08-04T00:00:00Z,2023,0.012123986275771574,FALSE
2023-08-05T00:00:00Z,2023,0.0023302752472177356,FALSE
2023-08-06T00:00:00Z,2023,0.0014157981317810895,FALSE
2023-08-07T00:00:00Z,2023,0.0060185784311142755,FALSE
2023-08-08T00:00:00Z,2023,0.0062416600706491805,FALSE
2023-08-09T00:00:00Z,2023,0.008265208773713846,FALSE
2023-08-10T00:00:00Z,2023,0.003197304729130619,FALSE
2023-08-11T00:00:00Z,2023,0.015423519217943335,FALSE
2023-08-12T00:00:00Z,2023,0.008513365111201454,FALSE
2023-08-13T00:00:00Z,2023,0.0043702788789032,FALSE
2023-08-14T00:00:00Z,2023,0.006967043081927947,FALSE
2023-08-15T00:00:00Z,2023,0.004482772752434178,FALSE
2023-08-16T00:00:00Z,2023,0.008720765236335725,FALSE
2023-08-17T00:00:00Z,2023,0.00927598403336204,FALSE
2023-08-18T00:00:00Z,2023,0.0037421218008681627,FALSE
2023-08-19T00:00:00Z,2023,9.517147669729884e-4,FALSE
2023-08-20T00:00:00Z,2023,0.01015283444425526,FALSE
2023-08-21T00:00:00Z,2023,0.04911617312984916,FALSE
2023-08-22T00:00:00Z,2023,0.020992308964019445,FALSE
2023-08-23T00:00:00Z,2023,0.04313551271108614,FALSE
2023-08-24T00:00:00Z,2023,0.03510062820409852,FALSE
2023-08-25T00:00:00Z,2023,0.028728045316842594,FALSE
2023-08-26T00:00:00Z,2023,0.0058611062186724,FALSE
2023-08-27T00:00:00Z,2023,0.002504533728413279,FALSE
2023-08-28T00:00:00Z,2023,0.0052151270954349,FALSE
2023-08-29T00:00:00Z,2023,0.007344928940141203,FALSE
2023-08-30T00:00:00Z,2023,0.003039532801781503,FALSE
2023-08-31T00:00:00Z,2023,0.0022239578553687506,FALSE
2023-09-01T00:00:00Z,2023,0.003998882022437577,FALSE
2023-09-02T00:00:00Z,2023,0.0032679659260689505,FALSE
2023-09-03T00:00:00Z,2023,0.03880913985335899,FALSE
2023-09-04T00:00:00Z,2023,0.27171626305026125,TRUE
2023-09-05T00:00:00Z,2023,0.4239448901412066,TRUE
2023-09-06T00:00:00Z,2023,0.2885184290008734,TRUE
2023-09-07T00:00:00Z,2023,0.06011669345053501,FALSE
2023-09-08T00:00:00Z,2023,0.016607776845827996,FALSE
2023-09-09T00:00:00Z,2023,0.002612804165393256,FALSE
2023-09-10T00:00:00Z,2023,0.0018221584337972186,FALSE
2023-09-11T00:00:00Z,2023,0.004536764280303795,FALSE
2023-09-12T00:00:00Z,2023,0.006818736093133889,FALSE
2023-09-13T00:00:00Z,2023,0.0023224944330159734,FALSE
2023-09-14T00:00:00Z,2023,0.0010370333840485667,FALSE
2023-09-15T00:00:00Z,2023,5.960916697728146e-4,FALSE
2023-09-16T00:00:00Z,2023,1.0315010434608956e-4,FALSE
2023-09-17T00:00:00Z,2023,4.493666452352306e-5,FALSE
2023-09-18T00:00:00Z,2023,2.0072170137996063e-4,FALSE
2023-09-19T00:00:00Z,2023,1.0318485858667896e-4,FALSE
2023-09-20T00:00:00Z,2023,6.120893738942009e-4,FALSE
2023-09-21T00:00:00Z,2023,4.457608675606393e-4,FALSE
2023-09-22T00:00:00Z,2023,1.9531095047840624e-4,FALSE
2023-09-23T00:00:00Z,2023,7.644241674206068e-6,FALSE
2023-09-24T00:00:00Z,2023,1.4725092341756871e-5,FALSE
2023-09-25T00:00:00Z,2023,2.9047346673565348e-5,FALSE
2023-09-26T00:00:00Z,2023,1.6623206721657414e-5,FALSE
2023-09-27T00:00:00Z,2023,4.455193731766235e-5,FALSE
2023-09-28T00:00:00Z,2023,2.4451477248616898e-5,FALSE
2023-09-29T00:00:00Z,2023,4.110248728393907e-5,FALSE
2023-09-30T00:00:00Z,2023,4.331858578891583e-5,FALSE
2024-06-02T00:00:00Z,2024,3.335177378231141e-5,FALSE
2024-06-03T00:00:00Z,2024,0.0016249530778444843,FALSE
2024-06-04T00:00:00Z,2024,0.008753160595927772,FALSE
2024-06-05T00:00:00Z,2024,0.0016644419262464723,FALSE
2024-06-06T00:00:00Z,2024,0.017015135879583396,FALSE
2024-06-07T00:00:00Z,2024,0.010240159569967405,FALSE
2024-06-08T00:00:00Z,2024,6.708281822680642e-4,FALSE
2024-06-09T00:00:00Z,2024,7.516154693824391e-4,FALSE
2024-06-10T00:00:00Z,2024,3.51218455755783e-4,FALSE
2024-06-11T00:00:00Z,2024,5.773508912404923e-4,FALSE
2024-06-12T00:00:00Z,2024,0.008001764040195506,FALSE
2024-06-13T00:00:00Z,2024,0.047814048966762224,FALSE
2024-06-14T00:00:00Z,2024,0.03426911640964703,FALSE
2024-06-15T00:00:00Z,2024,0.0029427304687165766,FALSE
2024-06-16T00:00:00Z,2024,0.011919455208644718,FALSE
2024-06-17T00:00:00Z,2024,0.23769622132069307,FALSE
2024-06-18T00:00:00Z,2024,0.35683534864868466,FALSE
2024-06-19T00:00:00Z,2024,0.24284718642638448,FALSE
2024-06-20T00:00:00Z,2024,0.1787304853153715,FALSE
2024-06-21T00:00:00Z,2024,0.5038816490714024,TRUE
2024-06-22T00:00:00Z,2024,0.17490474094988057,FALSE
2024-06-23T00:00:00Z,2024,0.02957520598106581,FALSE
2024-06-24T00:00:00Z,2024,0.023150764194198523,FALSE
2024-06-25T00:00:00Z,2024,0.06985529225566699,FALSE
2024-06-26T00:00:00Z,2024,0.09601126467247241,FALSE
2024-06-27T00:00:00Z,2024,0.0074596324672714116,FALSE
2024-06-28T00:00:00Z,2024,0.0033995337684904424,FALSE
2024-06-29T00:00:00Z,2024,0.009830365216363497,FALSE
2024-06-30T00:00:00Z,2024,0.0010417282652514812,FALSE
2024-07-01T00:00:00Z,2024,7.452772352403419e-4,FALSE
2024-07-02T00:00:00Z,2024,0.009925820521366332,FALSE
2024-07-03T00:00:00Z,2024,0.024611004679291705,FALSE
2024-07-04T00:00:00Z,2024,0.014520146544115086,FALSE
2024-07-05T00:00:00Z,2024,0.04479672705137708,FALSE
2024-07-06T00:00:00Z,2024,0.014772581765865258,FALSE
2024-07-07T00:00:00Z,2024,0.02254867590664515,FALSE
2024-07-08T00:00:00Z,2024,0.15416562399155856,FALSE
2024-07-09T00:00:00Z,2024,0.14089755559391648,FALSE
2024-07-10T00:00:00Z,2024,0.06976969805253135,FALSE
2024-07-11T00:00:00Z,2024,0.033278668689745966,FALSE
2024-07-12T00:00:00Z,2024,0.015533245387328753,FALSE
2024-07-13T00:00:00Z,2024,0.04319496447410676,FALSE
2024-07-14T00:00:00Z,2024,0.07474674955621499,FALSE
2024-07-15T00:00:00Z,2024,0.4798303236814508,TRUE
2024-07-16T00:00:00Z,2024,0.4663566640814145,TRUE
2024-07-17T00:00:00Z,2024,0.11712724989989524,FALSE
2024-07-18T00:00:00Z,2024,0.011642885531024213,FALSE
2024-07-19T00:00:00Z,2024,0.015273612396160346,FALSE
2024-07-20T00:00:00Z,2024,0.003729980623544843,FALSE
2024-07-21T00:00:00Z,2024,0.014943502375330363,FALSE
2024-07-22T00:00:00Z,2024,0.01030281839290803,FALSE
2024-07-23T00:00:00Z,2024,0.043156824642369446,FALSE
2024-07-24T00:00:00Z,2024,0.007854512803409897,FALSE
2024-07-25T00:00:00Z,2024,0.006186253546763031,FALSE
2024-07-26T00:00:00Z,2024,0.005348374704417404,FALSE
2024-07-27T00:00:00Z,2024,0.006011795558034071,FALSE
2024-07-28T00:00:00Z,2024,0.010210329521905363,FALSE
2024-07-29T00:00:00Z,2024,0.026272590163036836,FALSE
2024-07-30T00:00:00Z,2024,0.040452673710554256,FALSE
2024-07-31T00:00:00Z,2024,0.17787562691967318,FALSE
2024-08-01T00:00:00Z,2024,0.304717000713179,TRUE
2024-08-02T00:00:00Z,2024,0.1711492204413447,FALSE
2024-08-03T00:00:00Z,2024,0.035909634646134725,FALSE
2024-08-04T00:00:00Z,2024,0.018432503516312013,FALSE
2024-08-05T00:00:00Z,2024,0.2856060633962269,FALSE
2024-08-06T00:00:00Z,2024,0.03696721281099913,FALSE
2024-08-07T00:00:00Z,2024,0.003682080175593839,FALSE
2024-08-08T00:00:00Z,2024,0.005409511869036597,FALSE
2024-08-09T00:00:00Z,2024,0.003952527759816103,FALSE
2024-08-10T00:00:00Z,2024,0.0016967058342385087,FALSE
2024-08-11T00:00:00Z,2024,0.0010797848456678013,FALSE
2024-08-12T00:00:00Z,2024,0.006204121099712024,FALSE
2024-08-13T00:00:00Z,2024,0.00908119433288148,FALSE
2024-08-14T00:00:00Z,2024,0.011166414528326516,FALSE
2024-08-15T00:00:00Z,2024,0.008797753811976592,FALSE
2024-08-16T00:00:00Z,2024,0.020709742842882142,FALSE
2024-08-17T00:00:00Z,2024,7.895328365999132e-4,FALSE
2024-08-18T00:00:00Z,2024,6.426442966192507e-4,FALSE
2024-08-19T00:00:00Z,2024,0.0018306946350598308,FALSE
2024-08-20T00:00:00Z,2024,1.235336862895574e-4,FALSE
2024-08-21T00:00:00Z,2024,2.2732843696843312e-4,FALSE
2024-08-22T00:00:00Z,2024,5.694217572263563e-4,FALSE
2024-08-23T00:00:00Z,2024,0.0032818820324134377,FALSE
2024-08-24T00:00:00Z,2024,0.002497107617621547,FALSE
2024-08-25T00:00:00Z,2024,0.007713443792938845,FALSE
2024-08-26T00:00:00Z,2024,0.10741892119333972,FALSE
2024-08-27T00:00:00Z,2024,0.38946035683729885,FALSE
2024-08-28T00:00:00Z,2024,0.45365271340503893,TRUE
2024-08-29T00:00:00Z,2024,0.07632058322217536,FALSE
2024-08-30T00:00:00Z,2024,0.008035116171787324,FALSE
2024-08-31T00:00:00Z,2024,0.0034214518640843464,FALSE
2024-09-01T00:00:00Z,2024,0.003150061503757262,FALSE
2024-09-02T00:00:00Z,2024,0.001341600991300092,FALSE
2024-09-03T00:00:00Z,2024,0.0011262919147843344,FALSE
2024-09-04T00:00:00Z,2024,0.003920764141722292,FALSE
2024-09-05T00:00:00Z,2024,0.00622209552256911,FALSE
2024-09-06T00:00:00Z,2024,3.1426904723893504e-4,FALSE
2024-09-07T00:00:00Z,2024,7.0773993820505694e-6,FALSE
2024-09-08T00:00:00Z,2024,1.1563059099638733e-5,FALSE
2024-09-09T00:00:00Z,2024,3.973170304737164e-4,FALSE
2024-09-10T00:00:00Z,2024,0.0015657813128238994,FALSE
2024-09-11T00:00:00Z,2024,0.004116235246946459,FALSE
2024-09-12T00:00:00Z,2024,0.005019207749763193,FALSE
2024-09-13T00:00:00Z,2024,0.003941306229440259,FALSE
2024-09-14T00:00:00Z,2024,0.002317927328773362,FALSE
2024-09-15T00:00:00Z,2024,0.0014957015461017234,FALSE
2024-09-16T00:00:00Z,2024,0.002204408243676524,FALSE
2024-09-17T00:00:00Z,2024,0.001415769457651308,FALSE
2024-09-18T00:00:00Z,2024,0.0012856373856186749,FALSE
2024-09-19T00:00:00Z,2024,0.00790631334691678,FALSE
2024-09-20T00:00:00Z,2024,0.01121195499188765,FALSE
2024-09-21T00:00:00Z,2024,0.002396718179263505,FALSE
2024-09-22T00:00:00Z,2024,1.2024855149029536e-4,FALSE
2024-09-23T00:00:00Z,2024,4.8582805054267055e-5,FALSE
2024-09-24T00:00:00Z,2024,6.187678940647636e-5,FALSE
2024-09-25T00:00:00Z,2024,1.418814386916019e-4,FALSE
2024-09-26T00:00:00Z,2024,6.854319062581678e-4,FALSE
2024-09-27T00:00:00Z,2024,1.509627752841029e-4,FALSE
2024-09-28T00:00:00Z,2024,2.6769707182070228e-5,FALSE
2024-09-29T00:00:00Z,2024,6.5156479002833635e-6,FALSE
2024-09-30T00:00:00Z,2024,6.194003152952756e-5,FALSE
2025-06-02T00:00:00Z,2025,5.169973517530572e-5,FALSE
2025-06-03T00:00:00Z,2025,6.541059367577897e-4,FALSE
2025-06-04T00:00:00Z,2025,6.75199292795945e-4,FALSE
2025-06-05T00:00:00Z,2025,0.0018141310573110898,FALSE
2025-06-06T00:00:00Z,2025,0.01655546600923915,FALSE
2025-06-07T00:00:00Z,2025,0.0015358867167427658,FALSE
2025-06-08T00:00:00Z,2025,1.8369164477299377e-4,FALSE
2025-06-09T00:00:00Z,2025,5.876369666960134e-4,FALSE
2025-06-10T00:00:00Z,2025,0.0027456082471981587,FALSE
2025-06-11T00:00:00Z,2025,0.02400569693435319,FALSE
2025-06-12T00:00:00Z,2025,0.047374605492830735,FALSE
2025-06-13T00:00:00Z,2025,0.006123383836393816,FALSE
2025-06-14T00:00:00Z,2025,2.5312430288339596e-4,FALSE
2025-06-15T00:00:00Z,2025,1.6369376438396015e-4,FALSE
2025-06-16T00:00:00Z,2025,0.001235448726913113,FALSE
2025-06-17T00:00:00Z,2025,0.007408655245157946,FALSE
2025-06-18T00:00:00Z,2025,0.01985778615386726,FALSE
2025-06-19T00:00:00Z,2025,0.03483952632990387,FALSE
2025-06-20T00:00:00Z,2025,0.022052947439115293,FALSE
2025-06-21T00:00:00Z,2025,0.046215346739184114,FALSE
2025-06-22T00:00:00Z,2025,0.10405058695939218,FALSE
2025-06-23T00:00:00Z,2025,0.7100520419991919,TRUE
2025-06-24T00:00:00Z,2025,0.8390848590252705,TRUE
2025-06-25T00:00:00Z,2025,0.5720077045436696,TRUE
2025-06-26T00:00:00Z,2025,0.31732228739313845,FALSE
2025-06-27T00:00:00Z,2025,0.009411734989791809,FALSE
2025-06-28T00:00:00Z,2025,0.02102366152170324,FALSE
2025-06-29T00:00:00Z,2025,0.0924599327073908,FALSE
2025-06-30T00:00:00Z,2025,0.17681617720687823,FALSE
2025-07-01T00:00:00Z,2025,0.09111277383801936,FALSE
2025-07-02T00:00:00Z,2025,0.07498434556212362,FALSE
2025-07-03T00:00:00Z,2025,0.1560366086994217,FALSE
2025-07-04T00:00:00Z,2025,0.038948213022180156,FALSE
2025-07-05T00:00:00Z,2025,0.03617812970549613,FALSE
2025-07-06T00:00:00Z,2025,0.017236909228297903,FALSE
2025-07-07T00:00:00Z,2025,0.037142505545872215,FALSE
2025-07-08T00:00:00Z,2025,0.06540343358917447,FALSE
2025-07-09T00:00:00Z,2025,0.036576842374521724,FALSE
2025-07-10T00:00:00Z,2025,0.019059589398268354,FALSE
2025-07-11T00:00:00Z,2025,0.08495664839144018,FALSE
2025-07-12T00:00:00Z,2025,0.013196014505607916,FALSE
2025-07-13T00:00:00Z,2025,0.009384410759016132,FALSE
2025-07-14T00:00:00Z,2025,0.04991879930137205,FALSE
2025-07-15T00:00:00Z,2025,0.1266339610204889,FALSE
2025-07-16T00:00:00Z,2025,0.10534830220070368,FALSE
2025-07-17T00:00:00Z,2025,0.043541695474111845,FALSE
2025-07-18T00:00:00Z,2025,0.013259344531137716,FALSE
2025-07-19T00:00:00Z,2025,0.005937830262714822,FALSE
2025-07-20T00:00:00Z,2025,0.007564721311908233,FALSE
2025-07-21T00:00:00Z,2025,0.02214189026917322,FALSE
2025-07-22T00:00:00Z,2025,0.02352131338209505,FALSE
2025-07-23T00:00:00Z,2025,0.08721985685766119,FALSE
2025-07-24T00:00:00Z,2025,0.1687092926757408,FALSE
2025-07-25T00:00:00Z,2025,0.19353000172049428,FALSE
2025-07-26T00:00:00Z,2025,0.023119197820836306,FALSE
2025-07-27T00:00:00Z,2025,0.020835814144552506,FALSE
2025-07-28T00:00:00Z,2025,0.39693226010781507,TRUE
2025-07-29T00:00:00Z,2025,0.5223321751527266,TRUE
2025-07-30T00:00:00Z,2025,0.1885998686948866,FALSE
2025-07-31T00:00:00Z,2025,0.03017980412124754,FALSE
2025-08-01T00:00:00Z,2025,0.0011016955298426302,FALSE
2025-08-02T00:00:00Z,2025,0.0011915749988597052,FALSE
2025-08-03T00:00:00Z,2025,0.0023972079010449866,FALSE
2025-08-04T00:00:00Z,2025,0.02306050199027489,FALSE
2025-08-05T00:00:00Z,2025,0.019200587044669745,FALSE
2025-08-06T00:00:00Z,2025,0.01230509922470924,FALSE
2025-08-07T00:00:00Z,2025,0.010495256378700215,FALSE
2025-08-08T00:00:00Z,2025,0.014026044911196587,FALSE
2025-08-09T00:00:00Z,2025,0.007333206950718279,FALSE
2025-08-10T00:00:00Z,2025,0.00839729406933439,FALSE
2025-08-11T00:00:00Z,2025,0.04101177396769061,FALSE
2025-08-12T00:00:00Z,2025,0.08094089233997638,FALSE
2025-08-13T00:00:00Z,2025,0.06762115650042155,FALSE
2025-08-14T00:00:00Z,2025,0.07200880131945905,FALSE
2025-08-15T00:00:00Z,2025,0.15076368227319473,FALSE
2025-08-16T00:00:00Z,2025,0.05120292919147956,FALSE
2025-08-17T00:00:00Z,2025,0.02807561847999753,FALSE
2025-08-18T00:00:00Z,2025,0.004494827015785769,FALSE
2025-08-19T00:00:00Z,2025,0.003925117989704959,FALSE
2025-08-20T00:00:00Z,2025,0.0024292559631190957,FALSE
2025-08-21T00:00:00Z,2025,0.0010094862673110617,FALSE
2025-08-22T00:00:00Z,2025,0.008110413468295698,FALSE
2025-08-23T00:00:00Z,2025,0.0032291245298767647,FALSE
2025-08-24T00:00:00Z,2025,0.0010262064751867552,FALSE
2025-08-25T00:00:00Z,2025,0.0010859881562570862,FALSE
2025-08-26T00:00:00Z,2025,4.4345215525498817e-4,FALSE
2025-08-27T00:00:00Z,2025,3.3029642324569955e-4,FALSE
2025-08-28T00:00:00Z,2025,3.897304804647933e-4,FALSE
2025-08-29T00:00:00Z,2025,2.2360021028817884e-4,FALSE
2025-09-02T00:00:00Z,2025,5.325547727230868e-4,FALSE
2025-09-03T00:00:00Z,2025,4.15756371649044e-4,FALSE
2025-09-04T00:00:00Z,2025,2.2008294546803202e-4,FALSE
2025-09-05T00:00:00Z,2025,9.826088239842778e-4,FALSE
2025-09-06T00:00:00Z,2025,1.1660103120090772e-4,FALSE
2025-09-07T00:00:00Z,2025,1.8580674351085513e-5,FALSE
2025-09-08T00:00:00Z,2025,1.634845572019321e-4,FALSE
2025-09-09T00:00:00Z,2025,1.8506278635878128e-4,FALSE
2025-09-10T00:00:00Z,2025,2.2221801942792186e-4,FALSE
2025-09-11T00:00:00Z,2025,7.749101360053379e-4,FALSE
2025-09-12T00:00:00Z,2025,0.001813035077900521,FALSE
2025-09-13T00:00:00Z,2025,2.5658213018267355e-4,FALSE
2025-09-14T00:00:00Z,2025,9.439707150041966e-4,FALSE
2025-09-15T00:00:00Z,2025,0.002979859496398082,FALSE
2025-09-16T00:00:00Z,2025,6.09847742701395e-4,FALSE
2025-09-17T00:00:00Z,2025,3.6049685714463194e-4,FALSE
2025-09-18T00:00:00Z,2025,0.005152849468764807,FALSE
2025-09-19T00:00:00Z,2025,0.01666689085842002,FALSE
2025-09-20T00:00:00Z,2025,3.051126555342784e-4,FALSE
2025-09-21T00:00:00Z,2025,2.7613594427772887e-4,FALSE
2025-09-22T00:00:00Z,2025,9.632376430995453e-4,FALSE
2025-09-23T00:00:00Z,2025,0.002512111952814308,FALSE
2025-09-24T00:00:00Z,2025,7.417826861301398e-4,FALSE
2025-09-25T00:00:00Z,2025,0.0011653268692966986,FALSE
2025-09-26T00:00:00Z,2025,0.0035398221374221116,FALSE
2025-09-27T00:00:00Z,2025,4.571814844226667e-4,FALSE
2025-09-28T00:00:00Z,2025,8.877986168198391e-4,FALSE
2025-09-29T00:00:00Z,2025,0.0035510831101574925,FALSE
2025-09-30T00:00:00Z,2025,0.001581006105662953,FALSE
