month_local,hr_local,daytype,mape,bias_mw,n
1,0,weekday,2.4970824604803856,-997.9269662921364,178
1,0,weekend,2.4300798208774905,-1053.0285714285717,70
1,1,weekday,2.7299276878580665,-1831.1797752808982,178
1,1,weekend,2.5825820448054326,-1572.1285714285725,70
1,2,weekday,2.9203972953491038,-2479.4662921348317,178
1,2,weekend,2.740023048603206,-2076.5142857142855,70
1,3,weekday,3.239784065989794,-2799.539325842697,178
1,3,weekend,3.109067092431072,-2464.7714285714287,70
1,4,weekday,3.1532511239410193,-2671.438202247191,178
1,4,weekend,3.233509617479471,-2617.6428571428573,70
1,5,weekday,2.693891735191765,-2148.7977528089873,178
1,5,weekend,2.9410872602576776,-2385.157142857143,70
1,6,weekday,2.287656315925797,-1404.5168539325855,178
1,6,weekend,2.566490135138519,-1916.8285714285714,70
1,7,weekday,2.647498045542692,-1472.544943820227,178
1,7,weekend,2.2683033006642663,-1493.3999999999999,70
1,8,weekday,2.5406327273585636,-1276.26966292135,178
1,8,weekend,1.9381081000744171,-1074.4571428571423,70
1,9,weekday,2.0158836051885567,-735.9101123595509,178
1,9,weekend,1.703651668070124,-668.1999999999999,70
1,10,weekday,1.8647348557454073,-576.0561797752807,178
1,10,weekend,1.7168914386370564,-694.6428571428573,70
1,11,weekday,2.0619151023924944,-881.9157303370788,178
1,11,weekend,1.9509533660873393,-981.8857142857136,70
1,12,weekday,2.341580394205911,-1326.168539325841,178
1,12,weekend,2.394969811182659,-1449.8571428571431,70
1,13,weekday,2.6454931429599338,-1777.7359550561785,178
1,13,weekend,2.7756251417983733,-1887.6714285714284,70
1,14,weekday,2.929086040207782,-2151.123595505618,178
1,14,weekend,3.050954446234038,-2271.2428571428563,70
1,15,weekday,2.9884379583337153,-2211.893258426968,178
1,15,weekend,3.25220296186092,-2448.6714285714284,70
1,16,weekday,2.7679266657125297,-1862.5,178
1,16,weekend,2.9541769320876448,-2120.8,70
1,17,weekday,2.401692197351613,-955.0224719101126,178
1,17,weekend,2.449701901476336,-1316.8714285714286,70
1,18,weekday,2.220886790737083,-670,178
1,18,weekend,2.344572671954758,-971.1714285714281,70
1,19,weekday,1.6155380168262383,-512.7752808988772,178
1,19,weekend,2.0908402273841142,-932.6428571428573,70
1,20,weekday,1.3728881261349135,-173.43820224719107,178
1,20,weekend,1.828192249439421,-499.4142857142857,70
1,21,weekday,1.3081601226100774,73.25280898876424,178
1,21,weekend,1.7081158868602158,-243.51428571428585,70
1,22,weekday,1.457091307815995,287.0224719101131,178
1,22,weekend,1.7899637232862957,-72.9000000000002,70
1,23,weekday,1.8218593732583979,-21.943820224716816,178
1,23,weekend,1.9529628700059984,-400.72857142857123,70
2,0,weekday,2.276376288285905,-1779.049689440994,161
2,0,weekend,1.8453811692177011,-1421.646153846154,65
2,1,weekday,2.7740247637259046,-2302.5093167701866,161
2,1,weekend,2.1387695803942495,-1789.2923076923075,65
2,2,weekday,3.2774777554688534,-2794.7018633540374,161
2,2,weekend,2.263746396288729,-2003.5076923076922,65
2,3,weekday,3.5174085499235175,-2981.614906832298,161
2,3,weekend,2.521587803004822,-2208.3230769230768,65
2,4,weekday,3.388833202470421,-2804.074534161491,161
2,4,weekend,2.490686603743624,-2195.0615384615385,65
2,5,weekday,2.631781703625555,-1989.0310559006211,161
2,5,weekend,2.2034811267823513,-1863.123076923077,65
2,6,weekday,1.7767435872153419,-739.416149068323,161
2,6,weekend,1.8419065684952831,-1359,65
2,7,weekday,1.7381665888783884,-485.60248447204987,161
2,7,weekend,1.6210850283735119,-1010.0307692307694,65
2,8,weekday,1.65185033948431,-151.09937888198775,161
2,8,weekend,1.4357147548105544,-546.0307692307695,65
2,9,weekday,1.5041550191294597,144.91304347826096,161
2,9,weekend,1.19824985613629,-191.20000000000007,65
2,10,weekday,1.6626694236959827,101.31055900621101,161
2,10,weekend,1.4005646891896955,-294.29230769230765,65
2,11,weekday,1.8599104377747326,-220.61490683229823,161
2,11,weekend,1.7571654644101369,-739.353846153846,65
2,12,weekday,2.0110879650257747,-621.1863354037266,161
2,12,weekend,2.116139941474276,-1360.2615384615387,65
2,13,weekday,2.242760272669999,-1027.5900621118026,161
2,13,weekend,2.5134284828597573,-1824.8000000000002,65
2,14,weekday,2.4187993210836405,-1303.8944099378893,161
2,14,weekend,2.839143191770183,-2138.338461538461,65
2,15,weekday,2.4175116733381175,-1415.378881987578,161
2,15,weekend,2.8677907337067343,-2223.569230769231,65
2,16,weekday,2.3045054225181723,-1179.7453416149065,161
2,16,weekend,2.5967655941210723,-1868.5846153846155,65
2,17,weekday,2.058357067610939,-189.3788819875778,161
2,17,weekend,2.1249157211800997,-771.1538461538462,65
2,18,weekday,2.0431469038524837,847.1242236024843,161
2,18,weekend,1.7733036416344061,400.6923076923077,65
2,19,weekday,1.5441063760990168,129.84472049689452,161
2,19,weekend,1.48093766227041,-159.47692307692307,65
2,20,weekday,1.4118200595802162,-240.98136645962717,161
2,20,weekend,1.5783223854381774,-340.59999999999985,65
2,21,weekday,1.380661170264808,-131.50310559006226,161
2,21,weekend,1.5345437044941346,-95.58461538461538,65
2,22,weekday,1.4456545907021636,-86.72670807453427,161
2,22,weekend,1.4046095978064377,-147.46153846153837,65
2,23,weekday,1.5773707694730221,-597.8260869565215,161
2,23,weekend,1.271948395585504,-558.6,65
3,0,weekday,2.0745129849473742,-1400.8421052631577,171
3,0,weekend,1.8469859963941087,-1314.5833333333333,72
3,1,weekday,2.51864646468022,-1903.8713450292391,171
3,1,weekend,2.2935096572602545,-1760.7916666666667,72
3,2,weekday,2.851985774630235,-2216.2556818181815,176
3,2,weekend,2.7139482525898564,-2045.53125,64
3,3,weekday,2.8794471390992227,-2223.1590909090905,176
3,3,weekend,3.162978627957308,-2404.6176470588234,68
3,4,weekday,2.703956537579584,-2030.2215909090908,176
3,4,weekend,3.0388203339700754,-2280.1791044776123,67
3,5,weekday,2.0664210933126625,-1394.4147727272727,176
3,5,weekend,2.6844064837073613,-1982.9701492537313,67
3,6,weekday,1.2734676517949257,-218.67045454545473,176
3,6,weekend,1.8198877049267876,-1234.3731343283584,67
3,7,weekday,1.3828329280984875,160.88636363636354,176
3,7,weekend,1.4338567790554346,-668.3134328358208,67
3,8,weekday,1.5210443472375113,100.90340909090924,176
3,8,weekend,1.268459538326762,-305.55223880597026,67
3,9,weekday,1.6410077153447185,-2.5113636363633907,176
3,9,weekend,1.2688668434492418,-138.95522388059683,67
3,10,weekday,1.6854548909831606,-146.98295454545428,176
3,10,weekend,1.4651662901914035,-184.52238805970146,67
3,11,weekday,1.7990734228415426,-412.9659090909083,176
3,11,weekend,1.7410136253139172,-519.4179104477612,67
3,12,weekday,2.0399892910360933,-731.9829545454536,176
3,12,weekend,2.1129006021466803,-860.10447761194,67
3,13,weekday,2.2559720225528146,-1074.375,176
3,13,weekend,2.363811223423408,-1147.5820895522388,67
3,14,weekday,2.51616297593276,-1398.1079545454534,176
3,14,weekend,2.5965326727633746,-1457.9253731343283,67
3,15,weekday,2.658978478279306,-1544.2954545454536,176
3,15,weekend,2.797822908015019,-1568.7910447761192,67
3,16,weekday,2.594412485037777,-1376.1988636363621,176
3,16,weekend,2.754058414885266,-1380.358208955224,67
3,17,weekday,2.279948612091174,-653.818181818182,176
3,17,weekend,2.4180224329591415,-688.8059701492537,67
3,18,weekday,2.0594720481433963,412.8977272727268,176
3,18,weekend,2.551906708100032,454.9402985074626,67
3,19,weekday,2.183083892516375,1195.2954545454538,176
3,19,weekend,2.5086265871556783,1291.4925373134329,67
3,20,weekday,1.6981690423543085,540.0852272727268,176
3,20,weekend,1.8563343181153136,641.0447761194032,67
3,21,weekday,1.4489118511714556,-188.46590909090864,176
3,21,weekend,1.5593408062741716,-268.7611940298508,67
3,22,weekday,1.4577570715175552,-139.60227272727323,176
3,22,weekend,1.5359070850763046,-380.820895522388,67
3,23,weekday,1.5382316924610078,-450.1875,176
3,23,weekend,1.5209494027303647,-533.5970149253732,67
4,0,weekday,1.5366724044788838,-613.0116279069765,172
4,0,weekend,1.588192935456589,-641.7611940298509,67
4,1,weekday,2.2274821644922076,-1444.323699421965,173
4,1,weekend,2.2012338006469743,-1309.1044776119402,67
4,2,weekday,2.596685429758909,-1815.5953757225434,173
4,2,weekend,2.3959037490368154,-1636.9104477611938,67
4,3,weekday,2.6717029428590315,-1852.5260115606936,173
4,3,weekend,2.8627646878413486,-1946.5820895522386,67
4,4,weekday,2.580011872619515,-1755.329479768786,173
4,4,weekend,3.0139020954225733,-2005.8805970149253,67
4,5,weekday,2.131365993606651,-1331.7341040462427,173
4,5,weekend,2.993561398364555,-1968.074626865672,67
4,6,weekday,1.4820168110096705,-394.8381502890175,173
4,6,weekend,2.7036405843705507,-1733.3283582089553,67
4,7,weekday,1.6379238975384616,321.98843930635826,173
4,7,weekend,2.280383797878369,-1397.9402985074626,67
4,8,weekday,1.8044596336550467,833.8439306358384,173
4,8,weekend,1.8428124828750936,-854.2089552238807,67
4,9,weekday,1.734680410745381,840.9942196531792,173
4,9,weekend,1.5347318392367817,-633.9402985074624,67
4,10,weekday,1.7933433879092668,588.919075144508,173
4,10,weekend,1.6789223987120574,-386.9850746268667,67
4,11,weekday,1.9042233740783485,261.79190751444946,173
4,11,weekend,1.9314804290196992,-410.47761194029795,67
4,12,weekday,2.031249608447119,7.734104046243363,173
4,12,weekend,2.0915711444536105,-519.5074626865664,67
4,13,weekday,2.197802026372429,-166.3121387283236,173
4,13,weekend,2.234134972212421,-636.6716417910458,67
4,14,weekday,2.331846485305171,-299.5433526011553,173
4,14,weekend,2.362826111908484,-765.5223880597019,67
4,15,weekday,2.4366435152049526,-405.44508670520213,173
4,15,weekend,2.5329048629670656,-837.149253731344,67
4,16,weekday,2.489484028878172,-399.0578034682062,173
4,16,weekend,2.5027930711317725,-801.3731343283584,67
4,17,weekday,2.4861296453257316,-259.32369942196704,173
4,17,weekend,2.3117214598032336,-517.283582089552,67
4,18,weekday,2.372800982548784,100.1040462427734,173
4,18,weekend,2.1135104797241584,89.92537313432811,67
4,19,weekday,2.364601510060477,477.79190751444963,173
4,19,weekend,2.1631822165925922,566.3432835820895,67
4,20,weekday,2.2282504244683503,801.1965317919062,173
4,20,weekend,2.1940449743132016,905.7910447761195,67
4,21,weekday,1.6822643714924117,110.60693641618496,173
4,21,weekend,1.510473929821983,214.2537313432833,67
4,22,weekday,1.5389491787171439,-156.97109826589664,173
4,22,weekend,1.4239170970383928,-107.26865671641768,67
4,23,weekday,1.4381227965622947,-109.3583815028899,173
4,23,weekend,1.2848488824568443,-23.373134328358347,67
5,0,weekday,2.3315617077989006,-1636.755681818182,176
5,0,weekend,2.036855401653376,-1256.9027777777778,72
5,1,weekday,3.494813004050267,-2618.852272727273,176
5,1,weekend,2.900703098719501,-1945.875,72
5,2,weekday,4.002194982943842,-2923.420454545454,176
5,2,weekend,3.375399915886922,-2334.6388888888887,72
5,3,weekday,4.3263089621302,-3110.982954545454,176
5,3,weekend,3.9394159005787452,-2696.2361111111113,72
5,4,weekday,4.325420849223471,-3078.392045454546,176
5,4,weekend,4.19666416582389,-2854.2638888888887,72
5,5,weekday,3.920057705588618,-2806.6534090909086,176
5,5,weekend,4.090128094587649,-2788.9861111111113,72
5,6,weekday,2.7753138327056974,-1970.9545454545462,176
5,6,weekend,3.645533260965348,-2494.1805555555557,72
5,7,weekday,1.8468034390915604,-749.409090909092,176
5,7,weekend,2.7183765820245176,-1736.8888888888891,72
5,8,weekday,1.7200167165453326,-519.5170454545463,176
5,8,weekend,2.442943425260218,-1545.2916666666667,72
5,9,weekday,1.6220255169052151,-676.1875,176
5,9,weekend,2.337368723472063,-1269.375,72
5,10,weekday,1.5972633640456435,-646.9034090909079,176
5,10,weekend,2.2086028484820326,-909.7222222222225,72
5,11,weekday,1.7145551164118786,-632.1420454545464,176
5,11,weekend,2.128673485302441,-631.7222222222232,72
5,12,weekday,1.7521780080271776,-636.1193181818184,176
5,12,weekend,2.158375388652382,-437.916666666667,72
5,13,weekday,1.7978762911915045,-614.4488636363649,176
5,13,weekend,2.176047562900617,-271.09722222222257,72
5,14,weekday,1.7237607695112966,-553.6534090909082,176
5,14,weekend,2.1424370258354855,-235.34722222222192,72
5,15,weekday,1.7021192696962066,-598.0852272727267,176
5,15,weekend,2.048493138443777,-266.84722222222194,72
5,16,weekday,1.7157817645414775,-606.5681818181814,176
5,16,weekend,2.108615564627164,-260.3333333333333,72
5,17,weekday,1.7270424240958584,-608.1647727272732,176
5,17,weekend,2.1643075821331865,-213.48611111111106,72
5,18,weekday,1.7783663557544118,-573.7556818181818,176
5,18,weekend,2.222472142291421,-80.51388888888901,72
5,19,weekday,1.8376882262992225,-427.07386363636334,176
5,19,weekend,2.187045408446432,66.38888888888906,72
5,20,weekday,1.8315502753414676,-36.51136363636361,176
5,20,weekend,2.216542382594134,529.5,72
5,21,weekday,1.6430910818213806,25.289772727273306,176
5,21,weekend,2.2575134319090275,603.402777777778,72
5,22,weekday,1.6006484517012602,-779.2670454545456,176
5,22,weekend,2.0856076891270945,-233.56944444444423,72
5,23,weekday,1.7200687218889252,-981.2784090909093,176
5,23,weekend,1.8909100046710505,-507.8055555555557,72
6,0,weekday,3.2859286820849505,-2781.3801169590643,171
6,0,weekend,3.053378985958728,-2087.6376811594205,69
6,1,weekday,4.585603454098751,-4018.339181286549,171
6,1,weekend,3.666903164934487,-2792.159420289855,69
6,2,weekday,5.148813081207896,-4320.947368421052,171
6,2,weekend,4.129278451263483,-3223.884057971015,69
6,3,weekday,5.550309160727136,-4500.339181286548,171
6,3,weekend,4.890599687513689,-3746.347826086957,69
6,4,weekday,5.554785776051368,-4394.157894736843,171
6,4,weekend,5.342294934982835,-3993.6666666666665,69
6,5,weekday,5.369030256094509,-4234.877192982454,171
6,5,weekend,5.4952972126776265,-4066.6376811594205,69
6,6,weekday,4.506710188282006,-3553.3918128654973,171
6,6,weekend,5.229766055253848,-3851.3043478260865,69
6,7,weekday,3.2842162790852707,-2267.9005847953204,171
6,7,weekend,4.626674604507607,-3421.3913043478265,69
6,8,weekday,3.127128937093814,-2106.3976608187163,171
6,8,weekend,4.507123355490093,-3493.724637681159,69
6,9,weekday,2.908374669761875,-2041.6491228070151,171
6,9,weekend,3.7762352944934383,-2946.898550724637,69
6,10,weekday,2.482116241810183,-1552.8128654970742,171
6,10,weekend,3.1280248018871424,-2108.927536231883,69
6,11,weekday,2.2668664065194837,-1105.66081871345,171
6,11,weekend,2.8239278030622734,-1356.40579710145,69
6,12,weekday,2.229114661215311,-707.8947368421042,171
6,12,weekend,2.659274740191269,-748.4202898550728,69
6,13,weekday,2.2869198037389524,-529.3157894736829,171
6,13,weekend,2.538449057682492,-304.88405797101433,69
6,14,weekday,2.295545634099849,-428.7543859649105,171
6,14,weekend,2.4823531429072845,-57.159420289854744,69
6,15,weekday,2.2876507090242693,-431.0818713450301,171
6,15,weekend,2.369566027330644,153.47826086956536,69
6,16,weekday,2.209430437713217,-404.0643274853807,171
6,16,weekend,2.255913728597329,151.7971014492752,69
6,17,weekday,2.198091851652879,-486.77777777777806,171
6,17,weekend,2.1650963167609536,94.81159420289855,69
6,18,weekday,2.2554284593547127,-687.2163742690055,171
6,18,weekend,2.1306774258035124,-201.13043478260875,69
6,19,weekday,2.286218893143671,-783.3918128654968,171
6,19,weekend,2.138130107470213,-482.9130434782609,69
6,20,weekday,2.2554615258282955,-745.7017543859648,171
6,20,weekend,2.0343801045215706,-481.36231884057963,69
6,21,weekday,2.217980069862718,-292.9941176470585,170
6,21,weekend,1.9911907757872633,-163.3623188405796,69
6,22,weekday,2.25082918563589,-815.4294117647057,170
6,22,weekend,2.0222906444620707,-647.1304347826086,69
6,23,weekday,2.5305306086953,-1532.7941176470586,170
6,23,weekend,2.224138015345266,-1253.7391304347827,69
7,0,weekday,2.685927282430745,-2181.4230769230767,156
7,0,weekend,2.8833458798221328,-2110.245901639344,61
7,1,weekday,3.7936770998371685,-3649.1217948717936,156
7,1,weekend,3.6660017638879587,-3062.754098360656,61
7,2,weekday,4.596254886833566,-4317.788461538462,156
7,2,weekend,4.252704884664931,-3903.6885245901635,61
7,3,weekday,4.978606256727473,-4519.615384615386,156
7,3,weekend,4.929302467826304,-4348.475409836065,61
7,4,weekday,5.12047633666076,-4529.442307692307,156
7,4,weekend,5.215363829548147,-4462.573770491803,61
7,5,weekday,5.112658379528657,-4500.5192307692305,156
7,5,weekend,5.302302484088875,-4450.163934426229,61
7,6,weekday,4.8897585930269845,-4378.858974358973,156
7,6,weekend,5.324875334503925,-4436.737704918033,61
7,7,weekday,4.150428765921375,-3764.730769230771,156
7,7,weekend,5.140331723679676,-4268.196721311476,61
7,8,weekday,3.2687563160689135,-2899.076923076924,156
7,8,weekend,4.546172530704531,-3876.4918032786886,61
7,9,weekday,2.7123576017492987,-2076.108974358976,156
7,9,weekend,3.6402583327430094,-3007,61
7,10,weekday,2.212491346310443,-1112.673076923076,156
7,10,weekend,2.7177022612519135,-1840.9344262295078,61
7,11,weekday,1.8852194865661651,-251.2435897435897,156
7,11,weekend,2.169829155708636,-744.1803278688523,61
7,12,weekday,1.8470297784919387,168.54838709677472,155
7,12,weekend,2.0883706668173176,-58.80327868852438,61
7,13,weekday,1.8729596958536712,302.67096774193584,155
7,13,weekend,2.196028103835449,280.7213114754097,61
7,14,weekday,1.9025401796244539,352.6474358974352,156
7,14,weekend,2.2114764113087757,567.4426229508196,61
7,15,weekday,1.925102401185536,389.2948717948709,156
7,15,weekend,2.19551405597924,764.4918032786887,61
7,16,weekday,1.9914904304694665,490.7243589743586,156
7,16,weekend,2.1785857587510393,796.7213114754098,61
7,17,weekday,2.0220858370120425,530.8451612903225,155
7,17,weekend,2.2128594254212723,675.5901639344261,61
7,18,weekday,2.020255133643165,498.89677419354825,155
7,18,weekend,2.250916722521753,526.196721311475,61
7,19,weekday,2.057932250854927,438.59354838709646,155
7,19,weekend,2.28557284930864,369.3770491803273,61
7,20,weekday,2.113794505881743,368.2179487179486,156
7,20,weekend,2.2486212358217483,265.2459016393445,61
7,21,weekday,2.0982623401683393,488.96794871794845,156
7,21,weekend,2.2264784584311013,134.475409836066,61
7,22,weekday,2.1808674322385175,240.57051282051304,156
7,22,weekend,2.3600032852607855,-144.80327868852498,61
7,23,weekday,2.1789207260547627,-478.42307692307685,156
7,23,weekend,2.485776001300746,-821.4426229508191,61
8,0,weekday,2.6851652108487776,-2095.361842105263,152
8,0,weekend,2.5331829175254095,-1864.6984126984125,63
8,1,weekday,3.7962251645903504,-3478.4934210526303,152
8,1,weekend,2.923248711206053,-2452.460317460317,63
8,2,weekday,4.786495555883235,-4311.559210526315,152
8,2,weekend,3.605572498274532,-3121.190476190476,63
8,3,weekday,5.271966970605529,-4585.302631578948,152
8,3,weekend,4.454898663009675,-3708.031746031746,63
8,4,weekday,5.509844548312153,-4689.835526315789,152
8,4,weekend,5.03495977700786,-4074.4761904761904,63
8,5,weekday,5.539092759417093,-4713.855263157895,152
8,5,weekend,5.2119183146987735,-4146.222222222223,63
8,6,weekday,5.295855211078439,-4638.585526315789,152
8,6,weekend,5.282624936492354,-4192.714285714285,63
8,7,weekday,4.694722345746986,-4331.296052631578,152
8,7,weekend,5.406334536407687,-4313.84126984127,63
8,8,weekday,3.3081479938214495,-3086.368421052631,152
8,8,weekend,4.343669348705768,-3554.539682539683,63
8,9,weekday,2.4997030096623836,-2279.8157894736837,152
8,9,weekend,3.1901998102511957,-2661.5079365079364,63
8,10,weekday,1.7134325490225857,-1058.7105263157907,152
8,10,weekend,2.4357564328146197,-1546.4761904761901,63
8,11,weekday,1.540959905370715,-280.94078947368473,152
8,11,weekend,1.9805037742319422,-514.2539682539683,63
8,12,weekday,1.6660476161090743,38.513157894736985,152
8,12,weekend,1.9278852501611723,-101.19047619047618,63
8,13,weekday,1.8077414166447001,89.83552631578907,152
8,13,weekend,2.020875616435346,-88.33333333333329,63
8,14,weekday,1.9481140051530224,-11.151315789473964,152
8,14,weekend,2.075408379681883,-147.06349206349213,63
8,15,weekday,2.0183584919606727,40.21710526315829,152
8,15,weekend,2.0766489848909493,-166.38095238095246,63
8,16,weekday,2.027743481010814,44.388157894737034,152
8,16,weekend,1.9847162044488806,-355.3492063492061,63
8,17,weekday,2.0686813965819053,132.05921052631538,152
8,17,weekend,2.066005292896701,-577.6825396825395,63
8,18,weekday,2.164856441609943,282.97368421052596,152
8,18,weekend,2.1563828259906335,-656.238095238095,63
8,19,weekday,2.2151936590278734,434.5723684210523,152
8,19,weekend,2.1811058146263687,-577.3015873015875,63
8,20,weekday,2.0484716312471667,522.848684210526,152
8,20,weekend,2.0407517101665973,-331.1269841269842,63
8,21,weekday,1.875596477441001,-87.49342105263165,152
8,21,weekend,1.9281111902849322,-843.6507936507937,63
8,22,weekday,1.8667812852477046,162.5855263157893,152
8,22,weekend,1.8413636416519827,-522.2063492063489,63
8,23,weekday,1.970664526067059,-293.9736842105261,152
8,23,weekend,1.9376213090587562,-841.9523809523806,63
9,0,weekday,2.207183864687599,-1538.6887417218545,151
9,0,weekend,2.0987234540575623,-1433.3728813559323,59
9,1,weekday,3.1499145128868293,-2461.476821192053,151
9,1,weekend,2.8982612561654073,-2208.2711864406783,59
9,2,weekday,3.916124430746351,-3076.4039735099336,151
9,2,weekend,3.9306636131950685,-2964.135593220339,59
9,3,weekday,4.30293911552276,-3287.860927152318,151
9,3,weekend,4.459062857539454,-3279.4576271186443,59
9,4,weekday,4.530850714875817,-3408.569536423841,151
9,4,weekend,4.906936172387367,-3533.508474576271,59
9,5,weekday,4.454174114710421,-3360.1125827814567,151
9,5,weekend,4.99491762403602,-3563.898305084746,59
9,6,weekday,4.005218524078895,-3093.3443708609275,151
9,6,weekend,4.800218537825063,-3438.135593220339,59
9,7,weekday,3.464550233587565,-2792.6291390728475,151
9,7,weekend,4.732747017197635,-3437.0508474576272,59
9,8,weekday,2.7524019062191307,-2212.2781456953644,151
9,8,weekend,3.97092657221489,-2949.6949152542375,59
9,9,weekday,2.045153252272667,-1488.3112582781453,151
9,9,weekend,2.958921533875212,-2184.3389830508477,59
9,10,weekday,1.7030135067999566,-1014.5165562913915,151
9,10,weekend,2.3203923129208026,-1530.5084745762708,59
9,11,weekday,1.5826518388922968,-499.7880794701981,151
9,11,weekend,1.9823124678358148,-872.338983050848,59
9,12,weekday,1.5707677914076583,-252.56953642384062,151
9,12,weekend,1.950929815430877,-458.08474576271135,59
9,13,weekday,1.6063838952505156,-33.96026490066181,151
9,13,weekend,1.9898365194783911,-392.1186440677971,59
9,14,weekday,1.6711446610676375,47.75496688741747,151
9,14,weekend,2.0663416509072974,-429.83050847457594,59
9,15,weekday,1.7621886679928787,70.28476821192042,151
9,15,weekend,2.022202550434669,-504.050847457627,59
9,16,weekday,1.863115750672064,-1.3509933774830853,151
9,16,weekend,1.9753859205543118,-448.79661016949177,59
9,17,weekday,1.9630341751811236,-57.146666666666135,150
9,17,weekend,1.92732897460023,-210.98305084745772,59
9,18,weekday,1.9830516345790752,143.3708609271524,151
9,18,weekend,2.0282861490104156,190.44067796610165,59
9,19,weekday,1.8856870177731246,290.4768211920532,151
9,19,weekend,1.981804717699454,444.81355932203394,59
9,20,weekday,1.6449459640912203,-436.3576158940394,151
9,20,weekend,2.1319203877669004,-201.49152542372872,59
9,21,weekday,1.5977143313020166,-481.7019867549665,151
9,21,weekend,1.9363517727686315,-359.7627118644067,59
9,22,weekday,1.6851890182639395,342.0132450331128,151
9,22,weekend,1.8807934375307616,370.7457627118645,59
9,23,weekday,1.6873209341735425,-78.62913907284789,151
9,23,weekend,1.7319249452279222,-118.96610169491527,59
10,0,weekday,1.8117327393565221,-1123.6688311688317,154
10,0,weekend,1.9154746778914207,-1137.951612903226,62
10,1,weekday,2.5872265886321655,-1748.0519480519486,154
10,1,weekend,2.575572013515589,-1657.8709677419354,62
10,2,weekday,2.920595797547435,-2022.5870967741932,155
10,2,weekend,3.08359019528162,-1975.1612903225807,62
10,3,weekday,3.0244785594777386,-2053.045161290322,155
10,3,weekend,3.3252324791589722,-2146.951612903226,62
10,4,weekday,2.9921513689562578,-1991.7677419354836,155
10,4,weekend,3.4776573055808138,-2230.967741935484,62
10,5,weekday,2.636654033714685,-1693.3999999999994,155
10,5,weekend,3.3033619628561435,-2090.1290322580644,62
10,6,weekday,1.768771894191814,-788.5032258064509,155
10,6,weekend,2.8510364742090943,-1697.6612903225807,62
10,7,weekday,1.3780304093160776,-439.14193548387027,155
10,7,weekend,2.504177661669723,-1378.9838709677417,62
10,8,weekday,1.4306484852517045,-759.4774193548384,155
10,8,weekend,2.381674147268947,-1332.1129032258063,62
10,9,weekday,1.3778429409154358,-755.3225806451612,155
10,9,weekend,2.1621020367915547,-1177.9032258064517,62
10,10,weekday,1.3456624954856273,-703.8967741935483,155
10,10,weekend,2.0055275692599843,-1078.5322580645163,62
10,11,weekday,1.336638238924792,-731.2064516129034,155
10,11,weekend,1.9059121694725247,-1041.903225806452,62
10,12,weekday,1.3435764745035867,-746.148387096774,155
10,12,weekend,1.8508696843675991,-942.2580645161291,62
10,13,weekday,1.321881630006943,-695.1741935483868,155
10,13,weekend,1.8376872781219904,-875.6612903225807,62
10,14,weekday,1.305761103227817,-586.6129032258063,155
10,14,weekend,1.8721945994216094,-955.8548387096773,62
10,15,weekday,1.315393161350466,-435.31612903225806,155
10,15,weekend,1.8981173428311804,-915.7903225806451,62
10,16,weekday,1.3596834243781333,-303.1741935483871,155
10,16,weekend,1.8091164040698116,-735.4354838709676,62
10,17,weekday,1.2994414850137685,-100.72258064516136,155
10,17,weekend,1.8079991730130034,-560.451612903226,62
10,18,weekday,1.280612255772063,21.490322580645373,155
10,18,weekend,1.6843408550138648,-286.80645161290306,62
10,19,weekday,1.4675016340707103,-614.8129032258065,155
10,19,weekend,1.854494802634652,-886.6290322580646,62
10,20,weekday,1.6373304448313957,-1015.6516129032267,155
10,20,weekend,1.9332594614469427,-1119.7096774193549,62
10,21,weekday,0.9380393292977156,-57.44516129032322,155
10,21,weekend,1.1774409457238604,-119.1290322580646,62
10,22,weekday,0.9492738295778765,340.2064516129034,155
10,22,weekend,1.0336042915959003,319.8548387096773,62
10,23,weekday,1.048760366448571,-116.78571428571462,154
10,23,weekend,1.19687710032476,-103.25806451612911,62
11,0,weekday,2.0767495510518534,-1056.534722222222,144
11,0,weekend,2.5454934822218425,-1982.9180327868853,61
11,1,weekday,2.672067697146664,-1719.862068965517,145
11,1,weekend,2.7447071141123693,-1980.3809523809523,63
11,2,weekday,2.9226617237330412,-1951.9530201342286,149
11,2,weekend,3.0467077408697345,-2264.7192982456136,57
11,3,weekday,3.089397110696488,-2076.1342281879197,149
11,3,weekend,3.271566341448726,-2433.6491228070176,57
11,4,weekday,2.9412501314266435,-1925.805369127517,149
11,4,weekend,3.407718082075224,-2521.0175438596493,57
11,5,weekday,2.4981994307289552,-1433.0536912751681,149
11,5,weekend,3.0204512403381525,-2221.0877192982457,57
11,6,weekday,1.901869440147045,-456.0268456375841,149
11,6,weekend,2.4600353856025112,-1681.421052631579,57
11,7,weekday,1.9307174425531306,102.94630872483206,149
11,7,weekend,2.078571348585633,-1143.6666666666667,57
11,8,weekday,1.7258091857921467,367.25503355704706,149
11,8,weekend,1.7426934070139755,-922.438596491228,57
11,9,weekday,1.5513376526189204,511.26174496644285,149
11,9,weekend,1.5540594275280146,-784.1228070175439,57
11,10,weekday,1.507010456230176,340.2147651006713,149
11,10,weekend,1.533361264619616,-735.7719298245615,57
11,11,weekday,1.6284737696933007,23.006711409396583,149
11,11,weekend,1.8238305226692682,-956.1403508771932,57
11,12,weekday,2.2341780705788667,-52.85234899328879,149
11,12,weekend,2.0374846102108437,-1142.6140350877197,57
11,13,weekday,2.0709213396133226,-584.0604026845654,149
11,13,weekend,2.211436160857777,-1271.736842105263,57
11,14,weekday,2.114796873653133,-791.8523489932913,149
11,14,weekend,2.508734015714873,-1518.5789473684213,57
11,15,weekday,2.061165185072777,-942.4026845637599,149
11,15,weekend,2.708274695932262,-1666.1929824561396,57
11,16,weekday,1.890723263544738,-761.6577181208058,149
11,16,weekend,2.389467999337052,-1462.2105263157894,57
11,17,weekday,1.907171527180942,-903.3557046979864,149
11,17,weekend,2.3196303134142857,-1520.6491228070176,57
11,18,weekday,2.292804066089671,-1559.1275167785232,149
11,18,weekend,2.604363657207181,-1818.7543859649122,57
11,19,weekday,1.9526464272380641,-929.5302013422825,149
11,19,weekend,1.7615939906377776,-987.8421052631577,57
11,20,weekday,1.6538491982114463,-33.42953020134276,149
11,20,weekend,1.2040221314457007,-285.6666666666669,57
11,21,weekday,1.6015040153614732,211.7986577181204,149
11,21,weekend,1.131494611500993,-247.54385964912288,57
11,22,weekday,1.5695749708198197,147.83221476510008,149
11,22,weekend,1.175729177258548,-375.84210526315775,57
11,23,weekday,1.6594949438355828,-347.18791946308727,149
11,23,weekend,1.36272118400048,-755.6491228070175,57
12,0,weekday,2.9107562050842604,-1889.038461538462,156
12,0,weekend,2.8803729171141397,-1730.6229508196723,61
12,1,weekday,3.345565470142285,-2400.935897435897,156
12,1,weekend,3.212256379649249,-2251.5081967213114,61
12,2,weekday,3.241962009448,-2579.814102564103,156
12,2,weekend,3.211412350988055,-2446.5081967213114,61
12,3,weekday,3.269287464452473,-2622.50641025641,156
12,3,weekend,3.418762411033634,-2721.5737704918033,61
12,4,weekday,3.007381221028122,-2351.6923076923076,156
12,4,weekend,3.475432767343391,-2734.2786885245905,61
12,5,weekday,2.4836259427126404,-1643.3076923076926,156
12,5,weekend,3.238653240491424,-2414.0163934426228,61
12,6,weekday,2.0624288786153375,-354.96153846153817,156
12,6,weekend,2.6727940887127297,-1711.114754098361,61
12,7,weekday,2.2840227485889684,585.3205128205132,156
12,7,weekend,2.269926830782972,-870.8852459016392,61
12,8,weekday,2.3768791880556726,489.04487179487205,156
12,8,weekend,2.121417035177858,-673.5409836065572,61
12,9,weekday,2.17144015207116,65.87820512820541,156
12,9,weekend,1.8486676171478353,-743.4590163934427,61
12,10,weekday,1.8861401725812832,-263.4294871794869,156
12,10,weekend,1.7412065111926243,-811.3770491803277,61
12,11,weekday,1.9802395196997986,-626.8397435897436,156
12,11,weekend,1.8007313997898282,-936,61
12,12,weekday,2.2095447232663856,-917.8717948717939,156
12,12,weekend,2.135965664084379,-1259.4426229508197,61
12,13,weekday,2.4470422963846827,-1115.9487179487176,156
12,13,weekend,2.4619794180417247,-1528.7868852459019,61
12,14,weekday,2.64483665712845,-1321.461538461538,156
12,14,weekend,2.6651949510375177,-1706.5409836065573,61
12,15,weekday,2.7003451651903236,-1363.9161290322575,155
12,15,weekend,2.6088252315684817,-1592.1639344262296,61
12,16,weekday,2.559973422370593,-990.0256410256412,156
12,16,weekend,2.4278675473658256,-1276.5409836065571,61
12,17,weekday,2.7814664785691807,-813.1217948717932,156
12,17,weekend,2.0149759458881316,-408.14754098360663,61
12,18,weekday,2.588694110898874,-517.8205128205129,156
12,18,weekend,2.1817951859624922,-405.13114754098353,61
12,19,weekday,2.3704395693442963,-53.73076923076965,156
12,19,weekend,2.0138913142722896,-163.39344262295094,61
12,20,weekday,2.4382054186293574,173.2611464968157,157
12,20,weekend,2.075874888503394,-142.75409836065558,61
12,21,weekday,2.5581701094575537,158.95541401273871,157
12,21,weekend,2.182724268044524,-287.09836065573757,61
12,22,weekday,2.642258539561381,-35.910828025478054,157
12,22,weekend,2.2794583735222713,-497.90163934426243,61
12,23,weekday,2.6720365415153835,-637.1146496815289,157
12,23,weekend,2.434475250736191,-949.8852459016391,61
