date_local,summer_year,daily_peak_mw,is_top5,hour_of_peak
2019-06-01,2019,101614,FALSE,18
2019-06-02,2019,95850,FALSE,18
2019-06-03,2019,91883,FALSE,18
2019-06-04,2019,95024,FALSE,18
2019-06-05,2019,108431,FALSE,18
2019-06-06,2019,117110,FALSE,18
2019-06-07,2019,105093,FALSE,17
2019-06-08,2019,94514,FALSE,17
2019-06-09,2019,92133,FALSE,18
2019-06-10,2019,99760,FALSE,18
2019-06-11,2019,100761,FALSE,18
2019-06-12,2019,95560,FALSE,17
2019-06-13,2019,90412,FALSE,17
2019-06-14,2019,89692,FALSE,18
2019-06-15,2019,87818,FALSE,18
2019-06-16,2019,98516,FALSE,18
2019-06-17,2019,112450,FALSE,16
2019-06-18,2019,113023,FALSE,17
2019-06-19,2019,115264,FALSE,17
2019-06-20,2019,112504,FALSE,17
2019-06-21,2019,103863,FALSE,18
2019-06-22,2019,96615,FALSE,18
2019-06-23,2019,104995,FALSE,19
2019-06-24,2019,120953,FALSE,17
2019-06-25,2019,125891,FALSE,18
2019-06-26,2019,134783,FALSE,18
2019-06-27,2019,136567,FALSE,17
2019-06-28,2019,136089,FALSE,17
2019-06-29,2019,129901,FALSE,16
2019-06-30,2019,118537,FALSE,18
2019-07-01,2019,131527,FALSE,18
2019-07-02,2019,139398,FALSE,17
2019-07-03,2019,134227,FALSE,17
2019-07-04,2019,124863,FALSE,16
2019-07-05,2019,133350,FALSE,17
2019-07-06,2019,126333,FALSE,16
2019-07-07,2019,118571,FALSE,18
2019-07-08,2019,120261,FALSE,18
2019-07-09,2019,134626,FALSE,18
2019-07-10,2019,142589,TRUE,18
2019-07-11,2019,132303,FALSE,15
2019-07-12,2019,132355,FALSE,18
2019-07-13,2019,130683,FALSE,18
2019-07-14,2019,132503,FALSE,18
2019-07-15,2019,139607,FALSE,18
2019-07-16,2019,140733,FALSE,18
2019-07-17,2019,143961,TRUE,17
2019-07-18,2019,138468,FALSE,18
2019-07-19,2019,152315,TRUE,18
2019-07-20,2019,150454,TRUE,17
2019-07-21,2019,140535,FALSE,18
2019-07-22,2019,130293,FALSE,16
2019-07-23,2019,108682,FALSE,18
2019-07-24,2019,117591,FALSE,18
2019-07-25,2019,123525,FALSE,18
2019-07-26,2019,127003,FALSE,18
2019-07-27,2019,126152,FALSE,18
2019-07-28,2019,133074,FALSE,18
2019-07-29,2019,140619,FALSE,18
2019-07-30,2019,138514,FALSE,17
2019-07-31,2019,128858,FALSE,16
2019-08-01,2019,130795,FALSE,17
2019-08-02,2019,127180,FALSE,17
2019-08-03,2019,124126,FALSE,18
2019-08-04,2019,126390,FALSE,18
2019-08-05,2019,133825,FALSE,17
2019-08-06,2019,131418,FALSE,17
2019-08-07,2019,129708,FALSE,15
2019-08-08,2019,133499,FALSE,17
2019-08-09,2019,125969,FALSE,17
2019-08-10,2019,110795,FALSE,18
2019-08-11,2019,111951,FALSE,18
2019-08-12,2019,129095,FALSE,18
2019-08-13,2019,123570,FALSE,18
2019-08-14,2019,129079,FALSE,18
2019-08-15,2019,125540,FALSE,17
2019-08-16,2019,128242,FALSE,18
2019-08-17,2019,123469,FALSE,18
2019-08-18,2019,130392,FALSE,18
2019-08-19,2019,142105,TRUE,17
2019-08-20,2019,137448,FALSE,16
2019-08-21,2019,137199,FALSE,17
2019-08-22,2019,132755,FALSE,17
2019-08-23,2019,103042,FALSE,15
2019-08-24,2019,91900,FALSE,18
2019-08-25,2019,93824,FALSE,18
2019-08-26,2019,98904,FALSE,18
2019-08-27,2019,106075,FALSE,18
2019-08-28,2019,110536,FALSE,17
2019-08-29,2019,114944,FALSE,18
2019-08-30,2019,117977,FALSE,17
2019-08-31,2019,102879,FALSE,17
2019-09-01,2019,97167,FALSE,18
2019-09-02,2019,110798,FALSE,18
2019-09-03,2019,122480,FALSE,18
2019-09-04,2019,126904,FALSE,17
2019-09-05,2019,105564,FALSE,17
2019-09-06,2019,95624,FALSE,17
2019-09-07,2019,94326,FALSE,18
2019-09-08,2019,94521,FALSE,18
2019-09-09,2019,110590,FALSE,18
2019-09-10,2019,126699,FALSE,18
2019-09-11,2019,139587,FALSE,17
2019-09-12,2019,132788,FALSE,17
2019-09-13,2019,109525,FALSE,15
2019-09-14,2019,99431,FALSE,18
2019-09-15,2019,106420,FALSE,18
2019-09-16,2019,120489,FALSE,17
2019-09-17,2019,111768,FALSE,18
2019-09-18,2019,105710,FALSE,18
2019-09-19,2019,101764,FALSE,18
2019-09-20,2019,106715,FALSE,18
2019-09-21,2019,106101,FALSE,18
2019-09-22,2019,114839,FALSE,18
2019-09-23,2019,119223,FALSE,17
2019-09-24,2019,103700,FALSE,17
2019-09-25,2019,104670,FALSE,18
2019-09-26,2019,105327,FALSE,17
2019-09-27,2019,101223,FALSE,17
2019-09-28,2019,103599,FALSE,17
2019-09-29,2019,101335,FALSE,17
2019-09-30,2019,109050,FALSE,18
2020-06-01,2020,83747,FALSE,19
2020-06-02,2020,101458,FALSE,19
2020-06-03,2020,115479,FALSE,18
2020-06-04,2020,119640,FALSE,18
2020-06-05,2020,117434,FALSE,17
2020-06-06,2020,113279,FALSE,18
2020-06-07,2020,97748,FALSE,19
2020-06-08,2020,111779,FALSE,18
2020-06-09,2020,127803,FALSE,18
2020-06-10,2020,131587,FALSE,16
2020-06-11,2020,111175,FALSE,18
2020-06-12,2020,109045,FALSE,18
2020-06-13,2020,85352,FALSE,18
2020-06-14,2020,81738,FALSE,19
2020-06-15,2020,92394,FALSE,18
2020-06-16,2020,99110,FALSE,18
2020-06-17,2020,100902,FALSE,18
2020-06-18,2020,109180,FALSE,18
2020-06-19,2020,114374,FALSE,17
2020-06-20,2020,109025,FALSE,18
2020-06-21,2020,112192,FALSE,18
2020-06-22,2020,124821,FALSE,17
2020-06-23,2020,121208,FALSE,18
2020-06-24,2020,113160,FALSE,18
2020-06-25,2020,113105,FALSE,18
2020-06-26,2020,115836,FALSE,17
2020-06-27,2020,113415,FALSE,18
2020-06-28,2020,119604,FALSE,18
2020-06-29,2020,131102,FALSE,17
2020-06-30,2020,126958,FALSE,18
2020-07-01,2020,126001,FALSE,17
2020-07-02,2020,133037,FALSE,18
2020-07-03,2020,134591,FALSE,18
2020-07-04,2020,125401,FALSE,17
2020-07-05,2020,131403,FALSE,18
2020-07-06,2020,142186,TRUE,15
2020-07-07,2020,136203,FALSE,17
2020-07-08,2020,139446,FALSE,17
2020-07-09,2020,144329,TRUE,18
2020-07-10,2020,127951,FALSE,16
2020-07-11,2020,122954,FALSE,18
2020-07-12,2020,117092,FALSE,18
2020-07-13,2020,128526,FALSE,18
2020-07-14,2020,131031,FALSE,18
2020-07-15,2020,133404,FALSE,18
2020-07-16,2020,128543,FALSE,18
2020-07-17,2020,138158,FALSE,18
2020-07-18,2020,138827,FALSE,18
2020-07-19,2020,136404,FALSE,18
2020-07-20,2020,145428,TRUE,17
2020-07-21,2020,141567,FALSE,17
2020-07-22,2020,137563,FALSE,16
2020-07-23,2020,134697,FALSE,17
2020-07-24,2020,128553,FALSE,18
2020-07-25,2020,133237,FALSE,18
2020-07-26,2020,140136,FALSE,18
2020-07-27,2020,144562,TRUE,17
2020-07-28,2020,140908,FALSE,18
2020-07-29,2020,141853,TRUE,18
2020-07-30,2020,134691,FALSE,16
2020-07-31,2020,120648,FALSE,18
2020-08-01,2020,117584,FALSE,18
2020-08-02,2020,121406,FALSE,18
2020-08-03,2020,98429,FALSE,0
2020-08-04,2020,108871,FALSE,18
2020-08-05,2020,116922,FALSE,18
2020-08-06,2020,115618,FALSE,17
2020-08-07,2020,118076,FALSE,17
2020-08-08,2020,118797,FALSE,18
2020-08-09,2020,130155,FALSE,18
2020-08-10,2020,141498,FALSE,16
2020-08-11,2020,138808,FALSE,18
2020-08-12,2020,134277,FALSE,16
2020-08-13,2020,138575,FALSE,9
2020-08-14,2020,129982,FALSE,16
2020-08-15,2020,108826,FALSE,17
2020-08-16,2020,102161,FALSE,18
2020-08-17,2020,118751,FALSE,17
2020-08-18,2020,116459,FALSE,18
2020-08-19,2020,113906,FALSE,18
2020-08-20,2020,117732,FALSE,18
2020-08-21,2020,122430,FALSE,18
2020-08-22,2020,121327,FALSE,18
2020-08-23,2020,125473,FALSE,18
2020-08-24,2020,141058,FALSE,17
2020-08-25,2020,139448,FALSE,17
2020-08-26,2020,130276,FALSE,18
2020-08-27,2020,141606,FALSE,17
2020-08-28,2020,134061,FALSE,16
2020-08-29,2020,114858,FALSE,18
2020-08-30,2020,102548,FALSE,18
2020-08-31,2020,106332,FALSE,18
2020-09-01,2020,112332,FALSE,17
2020-09-02,2020,124957,FALSE,17
2020-09-03,2020,126563,FALSE,16
2020-09-04,2020,117663,FALSE,17
2020-09-05,2020,98530,FALSE,18
2020-09-06,2020,98275,FALSE,18
2020-09-07,2020,104078,FALSE,18
2020-09-08,2020,120566,FALSE,17
2020-09-09,2020,115985,FALSE,17
2020-09-10,2020,116640,FALSE,17
2020-09-11,2020,102817,FALSE,15
2020-09-12,2020,94340,FALSE,18
2020-09-13,2020,98203,FALSE,18
2020-09-14,2020,99070,FALSE,16
2020-09-15,2020,88211,FALSE,18
2020-09-16,2020,91845,FALSE,18
2020-09-17,2020,90881,FALSE,17
2020-09-18,2020,85190,FALSE,14
2020-09-19,2020,74883,FALSE,21
2020-09-20,2020,76515,FALSE,21
2020-09-21,2020,83518,FALSE,20
2020-09-22,2020,85161,FALSE,20
2020-09-23,2020,90512,FALSE,18
2020-09-24,2020,89930,FALSE,18
2020-09-25,2020,90951,FALSE,17
2020-09-26,2020,85919,FALSE,20
2020-09-27,2020,89957,FALSE,20
2020-09-28,2020,98995,FALSE,17
2020-09-29,2020,91484,FALSE,15
2020-09-30,2020,84847,FALSE,20
2021-06-01,2021,92335,FALSE,18
2021-06-02,2021,95226,FALSE,18
2021-06-03,2021,101842,FALSE,18
2021-06-04,2021,111911,FALSE,18
2021-06-05,2021,121413,FALSE,18
2021-06-06,2021,126340,FALSE,18
2021-06-07,2021,132533,FALSE,17
2021-06-08,2021,132002,FALSE,16
2021-06-09,2021,128985,FALSE,17
2021-06-10,2021,126262,FALSE,16
2021-06-11,2021,110469,FALSE,15
2021-06-12,2021,104688,FALSE,18
2021-06-13,2021,108416,FALSE,18
2021-06-14,2021,120566,FALSE,18
2021-06-15,2021,109300,FALSE,18
2021-06-16,2021,104950,FALSE,18
2021-06-17,2021,110034,FALSE,19
2021-06-18,2021,117083,FALSE,18
2021-06-19,2021,112859,FALSE,17
2021-06-20,2021,122253,FALSE,18
2021-06-21,2021,128536,FALSE,16
2021-06-22,2021,96219,FALSE,12
2021-06-23,2021,98030,FALSE,19
2021-06-24,2021,106819,FALSE,18
2021-06-25,2021,110835,FALSE,18
2021-06-26,2021,118438,FALSE,18
2021-06-27,2021,129149,FALSE,18
2021-06-28,2021,141879,FALSE,18
2021-06-29,2021,147770,TRUE,17
2021-06-30,2021,139826,FALSE,17
2021-07-01,2021,118866,FALSE,15
2021-07-02,2021,104126,FALSE,18
2021-07-03,2021,96023,FALSE,18
2021-07-04,2021,110336,FALSE,18
2021-07-05,2021,131649,FALSE,18
2021-07-06,2021,146933,TRUE,17
2021-07-07,2021,143549,FALSE,15
2021-07-08,2021,121678,FALSE,15
2021-07-09,2021,121173,FALSE,17
2021-07-10,2021,107210,FALSE,18
2021-07-11,2021,112422,FALSE,18
2021-07-12,2021,132767,FALSE,16
2021-07-13,2021,129614,FALSE,18
2021-07-14,2021,136599,FALSE,17
2021-07-15,2021,138805,FALSE,17
2021-07-16,2021,134889,FALSE,15
2021-07-17,2021,122945,FALSE,15
2021-07-18,2021,113421,FALSE,18
2021-07-19,2021,129273,FALSE,18
2021-07-20,2021,136646,FALSE,18
2021-07-21,2021,122362,FALSE,16
2021-07-22,2021,119372,FALSE,18
2021-07-23,2021,122095,FALSE,18
2021-07-24,2021,120748,FALSE,17
2021-07-25,2021,129741,FALSE,18
2021-07-26,2021,140395,FALSE,17
2021-07-27,2021,141019,FALSE,18
2021-07-28,2021,137895,FALSE,18
2021-07-29,2021,130430,FALSE,16
2021-07-30,2021,122995,FALSE,17
2021-07-31,2021,104718,FALSE,18
2021-08-01,2021,100417,FALSE,18
2021-08-02,2021,110971,FALSE,18
2021-08-03,2021,110260,FALSE,18
2021-08-04,2021,113256,FALSE,18
2021-08-05,2021,125008,FALSE,18
2021-08-06,2021,131384,FALSE,17
2021-08-07,2021,115008,FALSE,17
2021-08-08,2021,123133,FALSE,18
2021-08-09,2021,133657,FALSE,17
2021-08-10,2021,140781,FALSE,17
2021-08-11,2021,141569,FALSE,17
2021-08-12,2021,148914,TRUE,17
2021-08-13,2021,142611,FALSE,16
2021-08-14,2021,125087,FALSE,17
2021-08-15,2021,108784,FALSE,18
2021-08-16,2021,117643,FALSE,18
2021-08-17,2021,125582,FALSE,17
2021-08-18,2021,132928,FALSE,18
2021-08-19,2021,135751,FALSE,17
2021-08-20,2021,129843,FALSE,18
2021-08-21,2021,123257,FALSE,18
2021-08-22,2021,120032,FALSE,18
2021-08-23,2021,141293,FALSE,18
2021-08-24,2021,149590,TRUE,18
2021-08-25,2021,144720,FALSE,17
2021-08-26,2021,146420,TRUE,16
2021-08-27,2021,146184,FALSE,15
2021-08-28,2021,129927,FALSE,17
2021-08-29,2021,122127,FALSE,18
2021-08-30,2021,137018,FALSE,17
2021-08-31,2021,123004,FALSE,16
2021-09-01,2021,112520,FALSE,18
2021-09-02,2021,105708,FALSE,18
2021-09-03,2021,98355,FALSE,18
2021-09-04,2021,96201,FALSE,18
2021-09-05,2021,95431,FALSE,18
2021-09-06,2021,107357,FALSE,18
2021-09-07,2021,119085,FALSE,18
2021-09-08,2021,119471,FALSE,17
2021-09-09,2021,101453,FALSE,18
2021-09-10,2021,99145,FALSE,18
2021-09-11,2021,99047,FALSE,18
2021-09-12,2021,115131,FALSE,18
2021-09-13,2021,131744,FALSE,17
2021-09-14,2021,133078,FALSE,17
2021-09-15,2021,121780,FALSE,17
2021-09-16,2021,114311,FALSE,17
2021-09-17,2021,119368,FALSE,17
2021-09-18,2021,117818,FALSE,17
2021-09-19,2021,112149,FALSE,18
2021-09-20,2021,111064,FALSE,18
2021-09-21,2021,102822,FALSE,17
2021-09-22,2021,103456,FALSE,16
2021-09-23,2021,93900,FALSE,14
2021-09-24,2021,90102,FALSE,18
2021-09-25,2021,81099,FALSE,18
2021-09-26,2021,84116,FALSE,20
2021-09-27,2021,102463,FALSE,18
2021-09-28,2021,101224,FALSE,18
2021-09-29,2021,96245,FALSE,18
2021-09-30,2021,92685,FALSE,18
2022-06-01,2022,127096,FALSE,17
2022-06-02,2022,114246,FALSE,16
2022-06-03,2022,104950,FALSE,18
2022-06-04,2022,97135,FALSE,18
2022-06-05,2022,97356,FALSE,19
2022-06-06,2022,107608,FALSE,18
2022-06-07,2022,103307,FALSE,18
2022-06-08,2022,115132,FALSE,18
2022-06-09,2022,105326,FALSE,18
2022-06-10,2022,100585,FALSE,17
2022-06-11,2022,89948,FALSE,18
2022-06-12,2022,101560,FALSE,19
2022-06-13,2022,135773,FALSE,18
2022-06-14,2022,130652,FALSE,19
2022-06-15,2022,139955,FALSE,18
2022-06-16,2022,131295,FALSE,17
2022-06-17,2022,133052,FALSE,18
2022-06-18,2022,96497,FALSE,0
2022-06-19,2022,90349,FALSE,19
2022-06-20,2022,109334,FALSE,19
2022-06-21,2022,129047,FALSE,18
2022-06-22,2022,128126,FALSE,16
2022-06-23,2022,112593,FALSE,18
2022-06-24,2022,123771,FALSE,18
2022-06-25,2022,120632,FALSE,18
2022-06-26,2022,120724,FALSE,18
2022-06-27,2022,113950,FALSE,18
2022-06-28,2022,113613,FALSE,18
2022-06-29,2022,125988,FALSE,18
2022-06-30,2022,136940,FALSE,18
2022-07-01,2022,133451,FALSE,15
2022-07-02,2022,123857,FALSE,17
2022-07-03,2022,118939,FALSE,18
2022-07-04,2022,119155,FALSE,18
2022-07-05,2022,129623,FALSE,18
2022-07-06,2022,128557,FALSE,18
2022-07-07,2022,127566,FALSE,18
2022-07-08,2022,121227,FALSE,17
2022-07-09,2022,104426,FALSE,18
2022-07-10,2022,111167,FALSE,19
2022-07-11,2022,129170,FALSE,18
2022-07-12,2022,137131,FALSE,17
2022-07-13,2022,132989,FALSE,18
2022-07-14,2022,130346,FALSE,18
2022-07-15,2022,122500,FALSE,17
2022-07-16,2022,113986,FALSE,17
2022-07-17,2022,112490,FALSE,18
2022-07-18,2022,132794,FALSE,17
2022-07-19,2022,142551,FALSE,18
2022-07-20,2022,148528,TRUE,18
2022-07-21,2022,146307,TRUE,18
2022-07-22,2022,145401,TRUE,18
2022-07-23,2022,134390,FALSE,18
2022-07-24,2022,140193,FALSE,18
2022-07-25,2022,132975,FALSE,15
2022-07-26,2022,116476,FALSE,18
2022-07-27,2022,128656,FALSE,18
2022-07-28,2022,138300,FALSE,18
2022-07-29,2022,123629,FALSE,17
2022-07-30,2022,119889,FALSE,18
2022-07-31,2022,112619,FALSE,18
2022-08-01,2022,126592,FALSE,18
2022-08-02,2022,141463,FALSE,18
2022-08-03,2022,143305,TRUE,18
2022-08-04,2022,142780,FALSE,17
2022-08-05,2022,137573,FALSE,17
2022-08-06,2022,133640,FALSE,18
2022-08-07,2022,134709,FALSE,18
2022-08-08,2022,144212,TRUE,16
2022-08-09,2022,141542,FALSE,17
2022-08-10,2022,131706,FALSE,17
2022-08-11,2022,127150,FALSE,18
2022-08-12,2022,114672,FALSE,18
2022-08-13,2022,101898,FALSE,18
2022-08-14,2022,98755,FALSE,18
2022-08-15,2022,109736,FALSE,18
2022-08-16,2022,113691,FALSE,18
2022-08-17,2022,113583,FALSE,18
2022-08-18,2022,121115,FALSE,18
2022-08-19,2022,127309,FALSE,17
2022-08-20,2022,118988,FALSE,17
2022-08-21,2022,109136,FALSE,18
2022-08-22,2022,122293,FALSE,18
2022-08-23,2022,126915,FALSE,18
2022-08-24,2022,130711,FALSE,18
2022-08-25,2022,129565,FALSE,17
2022-08-26,2022,129914,FALSE,17
2022-08-27,2022,122269,FALSE,18
2022-08-28,2022,129561,FALSE,18
2022-08-29,2022,138157,FALSE,18
2022-08-30,2022,130967,FALSE,16
2022-08-31,2022,122888,FALSE,18
2022-09-01,2022,127753,FALSE,18
2022-09-02,2022,122915,FALSE,18
2022-09-03,2022,114373,FALSE,17
2022-09-04,2022,110670,FALSE,17
2022-09-05,2022,108315,FALSE,18
2022-09-06,2022,112923,FALSE,18
2022-09-07,2022,107367,FALSE,18
2022-09-08,2022,111669,FALSE,18
2022-09-09,2022,115601,FALSE,18
2022-09-10,2022,104219,FALSE,17
2022-09-11,2022,97867,FALSE,18
2022-09-12,2022,110625,FALSE,17
2022-09-13,2022,106393,FALSE,18
2022-09-14,2022,106596,FALSE,18
2022-09-15,2022,106344,FALSE,18
2022-09-16,2022,105796,FALSE,18
2022-09-17,2022,102606,FALSE,18
2022-09-18,2022,110775,FALSE,18
2022-09-19,2022,116558,FALSE,18
2022-09-20,2022,118157,FALSE,18
2022-09-21,2022,122567,FALSE,18
2022-09-22,2022,97474,FALSE,12
2022-09-23,2022,81498,FALSE,20
2022-09-24,2022,78687,FALSE,20
2022-09-25,2022,83318,FALSE,20
2022-09-26,2022,88711,FALSE,18
2022-09-27,2022,86416,FALSE,20
2022-09-28,2022,85941,FALSE,20
2022-09-29,2022,84904,FALSE,20
2022-09-30,2022,82807,FALSE,11
2023-06-01,2023,116053,FALSE,18
2023-06-02,2023,124205,FALSE,18
2023-06-03,2023,106738,FALSE,17
2023-06-04,2023,93355,FALSE,19
2023-06-05,2023,100186,FALSE,18
2023-06-06,2023,99912,FALSE,18
2023-06-07,2023,95535,FALSE,18
2023-06-08,2023,92028,FALSE,18
2023-06-09,2023,93228,FALSE,18
2023-06-10,2023,98219,FALSE,19
2023-06-11,2023,96497,FALSE,18
2023-06-12,2023,97290,FALSE,17
2023-06-13,2023,95834,FALSE,18
2023-06-14,2023,95740,FALSE,19
2023-06-15,2023,102762,FALSE,18
2023-06-16,2023,92995,FALSE,18
2023-06-17,2023,92785,FALSE,18
2023-06-18,2023,100804,FALSE,18
2023-06-19,2023,113602,FALSE,18
2023-06-20,2023,108371,FALSE,18
2023-06-21,2023,104260,FALSE,18
2023-06-22,2023,96744,FALSE,18
2023-06-23,2023,101674,FALSE,18
2023-06-24,2023,109695,FALSE,19
2023-06-25,2023,112980,FALSE,18
2023-06-26,2023,116740,FALSE,18
2023-06-27,2023,106321,FALSE,18
2023-06-28,2023,112247,FALSE,18
2023-06-29,2023,120248,FALSE,18
2023-06-30,2023,123053,FALSE,17
2023-07-01,2023,111963,FALSE,18
2023-07-02,2023,115653,FALSE,18
2023-07-03,2023,124860,FALSE,18
2023-07-04,2023,124510,FALSE,18
2023-07-05,2023,138886,FALSE,18
2023-07-06,2023,135644,FALSE,18
2023-07-07,2023,130365,FALSE,17
2023-07-08,2023,115601,FALSE,17
2023-07-09,2023,108441,FALSE,18
2023-07-10,2023,128109,FALSE,18
2023-07-11,2023,131450,FALSE,18
2023-07-12,2023,131788,FALSE,18
2023-07-13,2023,136991,FALSE,18
2023-07-14,2023,137472,FALSE,17
2023-07-15,2023,124273,FALSE,17
2023-07-16,2023,117747,FALSE,18
2023-07-17,2023,131484,FALSE,18
2023-07-18,2023,129739,FALSE,18
2023-07-19,2023,127998,FALSE,18
2023-07-20,2023,134900,FALSE,18
2023-07-21,2023,124555,FALSE,18
2023-07-22,2023,113759,FALSE,18
2023-07-23,2023,120559,FALSE,18
2023-07-24,2023,132479,FALSE,18
2023-07-25,2023,130631,FALSE,18
2023-07-26,2023,138147,FALSE,18
2023-07-27,2023,147605,TRUE,18
2023-07-28,2023,145275,TRUE,18
2023-07-29,2023,130915,FALSE,17
2023-07-30,2023,115259,FALSE,18
2023-07-31,2023,121337,FALSE,18
2023-08-01,2023,116819,FALSE,18
2023-08-02,2023,119435,FALSE,18
2023-08-03,2023,119054,FALSE,18
2023-08-04,2023,120910,FALSE,18
2023-08-05,2023,114685,FALSE,18
2023-08-06,2023,117948,FALSE,18
2023-08-07,2023,123369,FALSE,17
2023-08-08,2023,118953,FALSE,18
2023-08-09,2023,123937,FALSE,18
2023-08-10,2023,116489,FALSE,18
2023-08-11,2023,126340,FALSE,18
2023-08-12,2023,124919,FALSE,18
2023-08-13,2023,124877,FALSE,18
2023-08-14,2023,123728,FALSE,17
2023-08-15,2023,123083,FALSE,17
2023-08-16,2023,121946,FALSE,18
2023-08-17,2023,124791,FALSE,17
2023-08-18,2023,113042,FALSE,18
2023-08-19,2023,105936,FALSE,18
2023-08-20,2023,125533,FALSE,18
2023-08-21,2023,138385,FALSE,18
2023-08-22,2023,126648,FALSE,18
2023-08-23,2023,125736,FALSE,18
2023-08-24,2023,127203,FALSE,18
2023-08-25,2023,129658,FALSE,18
2023-08-26,2023,122064,FALSE,18
2023-08-27,2023,113962,FALSE,18
2023-08-28,2023,113278,FALSE,18
2023-08-29,2023,117554,FALSE,18
2023-08-30,2023,112568,FALSE,17
2023-08-31,2023,105288,FALSE,18
2023-09-01,2023,108542,FALSE,18
2023-09-02,2023,112463,FALSE,18
2023-09-03,2023,128978,FALSE,18
2023-09-04,2023,139123,TRUE,18
2023-09-05,2023,146836,TRUE,17
2023-09-06,2023,141874,TRUE,17
2023-09-07,2023,130859,FALSE,16
2023-09-08,2023,122441,FALSE,16
2023-09-09,2023,106933,FALSE,15
2023-09-10,2023,104209,FALSE,18
2023-09-11,2023,115832,FALSE,18
2023-09-12,2023,113478,FALSE,18
2023-09-13,2023,108366,FALSE,18
2023-09-14,2023,101598,FALSE,18
2023-09-15,2023,94367,FALSE,18
2023-09-16,2023,88795,FALSE,18
2023-09-17,2023,87128,FALSE,20
2023-09-18,2023,93865,FALSE,18
2023-09-19,2023,93182,FALSE,18
2023-09-20,2023,98962,FALSE,18
2023-09-21,2023,99267,FALSE,18
2023-09-22,2023,93709,FALSE,17
2023-09-23,2023,84468,FALSE,18
2023-09-24,2023,86665,FALSE,20
2023-09-25,2023,92208,FALSE,20
2023-09-26,2023,91171,FALSE,20
2023-09-27,2023,89299,FALSE,20
2023-09-28,2023,89358,FALSE,20
2023-09-29,2023,90191,FALSE,18
2023-09-30,2023,88643,FALSE,18
2024-06-01,2024,93905,FALSE,19
2024-06-02,2024,95595,FALSE,19
2024-06-03,2024,121014,FALSE,18
2024-06-04,2024,127368,FALSE,17
2024-06-05,2024,118061,FALSE,17
2024-06-06,2024,119604,FALSE,18
2024-06-07,2024,110119,FALSE,18
2024-06-08,2024,99412,FALSE,18
2024-06-09,2024,99410,FALSE,19
2024-06-10,2024,97816,FALSE,18
2024-06-11,2024,98260,FALSE,18
2024-06-12,2024,114028,FALSE,19
2024-06-13,2024,129888,FALSE,18
2024-06-14,2024,126112,FALSE,17
2024-06-15,2024,109808,FALSE,19
2024-06-16,2024,118124,FALSE,18
2024-06-17,2024,140155,FALSE,18
2024-06-18,2024,144045,FALSE,18
2024-06-19,2024,143167,FALSE,18
2024-06-20,2024,142698,FALSE,18
2024-06-21,2024,147976,TRUE,18
2024-06-22,2024,144179,FALSE,18
2024-06-23,2024,132172,FALSE,18
2024-06-24,2024,128011,FALSE,18
2024-06-25,2024,131214,FALSE,18
2024-06-26,2024,136466,FALSE,17
2024-06-27,2024,123604,FALSE,18
2024-06-28,2024,118973,FALSE,18
2024-06-29,2024,127754,FALSE,18
2024-06-30,2024,120942,FALSE,17
2024-07-01,2024,108474,FALSE,19
2024-07-02,2024,120743,FALSE,18
2024-07-03,2024,131424,FALSE,18
2024-07-04,2024,123975,FALSE,17
2024-07-05,2024,135024,FALSE,18
2024-07-06,2024,132943,FALSE,18
2024-07-07,2024,133199,FALSE,18
2024-07-08,2024,146962,FALSE,18
2024-07-09,2024,144683,FALSE,16
2024-07-10,2024,139869,FALSE,18
2024-07-11,2024,133411,FALSE,18
2024-07-12,2024,127791,FALSE,18
2024-07-13,2024,138025,FALSE,18
2024-07-14,2024,134102,FALSE,19
2024-07-15,2024,152137,TRUE,18
2024-07-16,2024,153121,TRUE,18
2024-07-17,2024,142905,FALSE,16
2024-07-18,2024,122717,FALSE,18
2024-07-19,2024,123292,FALSE,18
2024-07-20,2024,113156,FALSE,18
2024-07-21,2024,124735,FALSE,18
2024-07-22,2024,122580,FALSE,18
2024-07-23,2024,133305,FALSE,18
2024-07-24,2024,127246,FALSE,17
2024-07-25,2024,124516,FALSE,17
2024-07-26,2024,120974,FALSE,18
2024-07-27,2024,121594,FALSE,18
2024-07-28,2024,125551,FALSE,18
2024-07-29,2024,135514,FALSE,18
2024-07-30,2024,137950,FALSE,18
2024-07-31,2024,145303,FALSE,18
2024-08-01,2024,149274,TRUE,18
2024-08-02,2024,143077,FALSE,17
2024-08-03,2024,132533,FALSE,17
2024-08-04,2024,129482,FALSE,18
2024-08-05,2024,146612,FALSE,18
2024-08-06,2024,140608,FALSE,15
2024-08-07,2024,120993,FALSE,17
2024-08-08,2024,119713,FALSE,18
2024-08-09,2024,121164,FALSE,17
2024-08-10,2024,114629,FALSE,18
2024-08-11,2024,108386,FALSE,18
2024-08-12,2024,117303,FALSE,18
2024-08-13,2024,121754,FALSE,18
2024-08-14,2024,127395,FALSE,18
2024-08-15,2024,124517,FALSE,18
2024-08-16,2024,128935,FALSE,18
2024-08-17,2024,115422,FALSE,17
2024-08-18,2024,117673,FALSE,18
2024-08-19,2024,116086,FALSE,17
2024-08-20,2024,97274,FALSE,18
2024-08-21,2024,96730,FALSE,19
2024-08-22,2024,102616,FALSE,19
2024-08-23,2024,111530,FALSE,18
2024-08-24,2024,116327,FALSE,18
2024-08-25,2024,127097,FALSE,18
2024-08-26,2024,141126,FALSE,18
2024-08-27,2024,146574,FALSE,18
2024-08-28,2024,148328,TRUE,18
2024-08-29,2024,139722,FALSE,17
2024-08-30,2024,122734,FALSE,15
2024-08-31,2024,114106,FALSE,18
2024-09-01,2024,114844,FALSE,18
2024-09-02,2024,100167,FALSE,18
2024-09-03,2024,99961,FALSE,18
2024-09-04,2024,105719,FALSE,18
2024-09-05,2024,113526,FALSE,18
2024-09-06,2024,106019,FALSE,17
2024-09-07,2024,84854,FALSE,15
2024-09-08,2024,84169,FALSE,21
2024-09-09,2024,96918,FALSE,19
2024-09-10,2024,107923,FALSE,18
2024-09-11,2024,114769,FALSE,18
2024-09-12,2024,115268,FALSE,18
2024-09-13,2024,114576,FALSE,18
2024-09-14,2024,113713,FALSE,18
2024-09-15,2024,111423,FALSE,18
2024-09-16,2024,109391,FALSE,18
2024-09-17,2024,107118,FALSE,18
2024-09-18,2024,110707,FALSE,18
2024-09-19,2024,119959,FALSE,18
2024-09-20,2024,120191,FALSE,17
2024-09-21,2024,112509,FALSE,18
2024-09-22,2024,100182,FALSE,18
2024-09-23,2024,96921,FALSE,18
2024-09-24,2024,94860,FALSE,20
2024-09-25,2024,97633,FALSE,18
2024-09-26,2024,101862,FALSE,18
2024-09-27,2024,96331,FALSE,14
2024-09-28,2024,93438,FALSE,18
2024-09-29,2024,91607,FALSE,20
2024-09-30,2024,97712,FALSE,20
2025-06-01,2025,82371,FALSE,21
2025-06-02,2025,94829,FALSE,19
2025-06-03,2025,108449,FALSE,19
2025-06-04,2025,117955,FALSE,18
2025-06-05,2025,117706,FALSE,18
2025-06-06,2025,115464,FALSE,16
2025-06-07,2025,105413,FALSE,18
2025-06-08,2025,98377,FALSE,18
2025-06-09,2025,106193,FALSE,18
2025-06-10,2025,110672,FALSE,18
2025-06-11,2025,121929,FALSE,19
2025-06-12,2025,130146,FALSE,18
2025-06-13,2025,117605,FALSE,17
2025-06-14,2025,102876,FALSE,18
2025-06-15,2025,97905,FALSE,18
2025-06-16,2025,108445,FALSE,18
2025-06-17,2025,118499,FALSE,19
2025-06-18,2025,127931,FALSE,18
2025-06-19,2025,126376,FALSE,16
2025-06-20,2025,123146,FALSE,18
2025-06-21,2025,135055,FALSE,18
2025-06-22,2025,143536,FALSE,19
2025-06-23,2025,160560,TRUE,18
2025-06-24,2025,158646,TRUE,18
2025-06-25,2025,153156,TRUE,15
2025-06-26,2025,145838,FALSE,16
2025-06-27,2025,122595,FALSE,16
2025-06-28,2025,130635,FALSE,18
2025-06-29,2025,139587,FALSE,18
2025-06-30,2025,142918,FALSE,17
2025-07-01,2025,135200,FALSE,16
2025-07-02,2025,135348,FALSE,18
2025-07-03,2025,139569,FALSE,18
2025-07-04,2025,125102,FALSE,18
2025-07-05,2025,132356,FALSE,18
2025-07-06,2025,135319,FALSE,18
2025-07-07,2025,140440,FALSE,17
2025-07-08,2025,143899,FALSE,17
2025-07-09,2025,138528,FALSE,17
2025-07-10,2025,134832,FALSE,18
2025-07-11,2025,144933,FALSE,18
2025-07-12,2025,134828,FALSE,17
2025-07-13,2025,133111,FALSE,18
2025-07-14,2025,140906,FALSE,17
2025-07-15,2025,143989,FALSE,18
2025-07-16,2025,144713,FALSE,16
2025-07-17,2025,142890,FALSE,18
2025-07-18,2025,127693,FALSE,18
2025-07-19,2025,123387,FALSE,18
2025-07-20,2025,128313,FALSE,18
2025-07-21,2025,133192,FALSE,18
2025-07-22,2025,131861,FALSE,18
2025-07-23,2025,140693,FALSE,18
2025-07-24,2025,145427,FALSE,18
2025-07-25,2025,148888,FALSE,16
2025-07-26,2025,134701,FALSE,17
2025-07-27,2025,135324,FALSE,18
2025-07-28,2025,152155,TRUE,18
2025-07-29,2025,154380,TRUE,18
2025-07-30,2025,151026,FALSE,18
2025-07-31,2025,133316,FALSE,14
2025-08-01,2025,105572,FALSE,18
2025-08-02,2025,103375,FALSE,18
2025-08-03,2025,109779,FALSE,19
2025-08-04,2025,125334,FALSE,18
2025-08-05,2025,124851,FALSE,18
2025-08-06,2025,121152,FALSE,17
2025-08-07,2025,128586,FALSE,18
2025-08-08,2025,130363,FALSE,18
2025-08-09,2025,126845,FALSE,18
2025-08-10,2025,130661,FALSE,18
2025-08-11,2025,143422,FALSE,18
2025-08-12,2025,146576,FALSE,18
2025-08-13,2025,140539,FALSE,16
2025-08-14,2025,140764,FALSE,18
2025-08-15,2025,145797,FALSE,18
2025-08-16,2025,139995,FALSE,18
2025-08-17,2025,138283,FALSE,18
2025-08-18,2025,123674,FALSE,18
2025-08-19,2025,121549,FALSE,18
2025-08-20,2025,115533,FALSE,18
2025-08-21,2025,105720,FALSE,19
2025-08-22,2025,118284,FALSE,18
2025-08-23,2025,114688,FALSE,18
2025-08-24,2025,111618,FALSE,18
2025-08-25,2025,112363,FALSE,18
2025-08-26,2025,103455,FALSE,18
2025-08-27,2025,100534,FALSE,18
2025-08-28,2025,101093,FALSE,18
2025-08-29,2025,101245,FALSE,18
2025-08-30,2025,90866,FALSE,19
2025-08-31,2025,92006,FALSE,19
2025-09-01,2025,98616,FALSE,19
2025-09-02,2025,107126,FALSE,19
2025-09-03,2025,109245,FALSE,18
2025-09-04,2025,104847,FALSE,18
2025-09-05,2025,113326,FALSE,18
2025-09-06,2025,102938,FALSE,15
2025-09-07,2025,89195,FALSE,19
2025-09-08,2025,95677,FALSE,19
2025-09-09,2025,96678,FALSE,19
2025-09-10,2025,99937,FALSE,19
2025-09-11,2025,108404,FALSE,18
2025-09-12,2025,109757,FALSE,18
2025-09-13,2025,103348,FALSE,18
2025-09-14,2025,111903,FALSE,18
2025-09-15,2025,115332,FALSE,18
2025-09-16,2025,106847,FALSE,18
2025-09-17,2025,107591,FALSE,18
2025-09-18,2025,119591,FALSE,18
2025-09-19,2025,122368,FALSE,18
2025-09-20,2025,104642,FALSE,18
2025-09-21,2025,101702,FALSE,18
2025-09-22,2025,108179,FALSE,18
2025-09-23,2025,114822,FALSE,18
2025-09-24,2025,107327,FALSE,18
2025-09-25,2025,111158,FALSE,18
2025-09-26,2025,114632,FALSE,18
2025-09-27,2025,102453,FALSE,18
2025-09-28,2025,112853,FALSE,18
2025-09-29,2025,111710,FALSE,18
2025-09-30,2025,108737,FALSE,18
